"Date","Open","High","Low","Close","% Change","% Change vs Average","Volume"
"2026-04-22T19:55:00.000Z","675.16","675.40","674.40","674.67","-0.0926","-0.0824","379,457"
"2026-04-23T13:30:00.000Z","663.70","663.98","659.77","663.14","-1.71","-1.70","536,880"
"2026-04-23T13:35:00.000Z","663.14","665.84","662.38","665.67","0.3815","0.3917","172,546"
"2026-04-23T13:40:00.000Z","665.68","665.69","663.89","664.73","-0.1412","-0.1311","118,636"
"2026-04-23T13:45:00.000Z","664.73","665.55","663.37","664.79","0.0098","0.0199","165,396"
"2026-04-23T13:50:00.000Z","664.77","665.03","660.69","660.94","-0.5799","-0.5697","148,219"
"2026-04-23T13:55:00.000Z","660.88","661.69","660.32","660.80","-0.0212","-0.0110","111,989"
"2026-04-23T14:00:00.000Z","660.97","661.48","658.25","660.95","0.0227","0.0329","187,576"
"2026-04-23T14:05:00.000Z","661.06","663.07","660.50","662.81","0.2814","0.2916","119,398"
"2026-04-23T14:10:00.000Z","662.97","663.40","662.08","662.84","0.0045","0.0147","69,416"
"2026-04-23T14:15:00.000Z","662.77","664.50","662.55","662.82","-0.0030","0.0071","75,889"
"2026-04-23T14:20:00.000Z","662.81","664.44","662.39","664.16","0.2022","0.2123","44,333"
"2026-04-23T14:25:00.000Z","664.13","664.57","663.01","663.87","-0.0437","-0.0335","48,977"
"2026-04-23T14:30:00.000Z","664.08","664.24","663.35","663.62","-0.0384","-0.0283","50,388"
"2026-04-23T14:35:00.000Z","663.62","664.50","663.01","663.30","-0.0467","-0.0366","54,190"
"2026-04-23T14:40:00.000Z","663.27","663.88","662.85","663.68","0.0565","0.0667","45,660"
"2026-04-23T14:45:00.000Z","663.79","664.33","663.10","663.10","-0.0874","-0.0772","43,995"
"2026-04-23T14:50:00.000Z","663.17","664.63","663.01","664.52","0.2141","0.2243","78,583"
"2026-04-23T14:55:00.000Z","664.59","665.95","664.49","665.51","0.1497","0.1599","73,157"
"2026-04-23T15:00:00.000Z","665.51","667.59","665.51","666.84","0.1991","0.2092","102,206"
"2026-04-23T15:05:00.000Z","666.83","666.86","665.51","666.25","-0.0885","-0.0783","47,920"
"2026-04-23T15:10:00.000Z","666.32","667.15","666.21","666.69","0.0660","0.0762","47,303"
"2026-04-23T15:15:00.000Z","666.81","669.11","666.67","669.05","0.3540","0.3641","117,116"
"2026-04-23T15:20:00.000Z","669.14","669.56","668.13","668.16","-0.1331","-0.1229","102,246"
"2026-04-23T15:25:00.000Z","668.00","668.49","667.30","668.23","0.0098","0.0199","63,580"
"2026-04-23T15:30:00.000Z","668.23","669.01","668.00","668.27","0.0075","0.0176","58,564"
"2026-04-23T15:35:00.000Z","668.19","668.27","667.22","667.41","-0.1294","-0.1193","71,336"
"2026-04-23T15:40:00.000Z","667.32","668.22","667.22","667.95","0.0809","0.0911","41,688"
"2026-04-23T15:45:00.000Z","667.90","667.96","666.50","666.61","-0.2008","-0.1906","85,150"
"2026-04-23T15:50:00.000Z","666.63","666.71","665.50","665.75","-0.1281","-0.1180","55,183"
"2026-04-23T15:55:00.000Z","665.63","666.79","665.63","666.18","0.0639","0.0740","39,924"
"2026-04-23T16:00:00.000Z","666.17","666.59","664.99","665.01","-0.1756","-0.1655","58,531"
"2026-04-23T16:05:00.000Z","664.93","665.46","664.78","665.30","0.0436","0.0538","35,753"
"2026-04-23T16:10:00.000Z","665.29","666.09","665.19","665.96","0.0985","0.1086","31,844"
"2026-04-23T16:15:00.000Z","665.96","666.10","665.38","665.53","-0.0638","-0.0537","30,043"
"2026-04-23T16:20:00.000Z","665.58","665.84","664.88","665.84","0.0466","0.0567","21,422"
"2026-04-23T16:25:00.000Z","665.77","666.21","664.89","665.17","-0.1006","-0.0905","30,811"
"2026-04-23T16:30:00.000Z","665.12","665.87","665.00","665.76","0.0887","0.0989","19,770"
"2026-04-23T16:35:00.000Z","665.80","665.85","665.03","665.04","-0.1081","-0.0980","22,631"
"2026-04-23T16:40:00.000Z","665.12","665.48","665.00","665.14","0.0158","0.0259","22,458"
"2026-04-23T16:45:00.000Z","665.19","665.88","665.06","665.59","0.0669","0.0771","19,591"
"2026-04-23T16:50:00.000Z","665.45","666.00","665.20","665.63","0.0060","0.0162","21,665"
"2026-04-23T16:55:00.000Z","665.50","665.94","665.08","665.44","-0.0285","-0.0184","18,423"
"2026-04-23T17:00:00.000Z","665.44","666.02","663.67","663.86","-0.2374","-0.2273","58,182"
"2026-04-23T17:05:00.000Z","663.86","664.10","662.10","662.46","-0.2109","-0.2007","76,674"
"2026-04-23T17:10:00.000Z","662.23","662.97","661.80","662.29","-0.0257","-0.0155","55,547"
"2026-04-23T17:15:00.000Z","662.24","662.24","660.13","660.62","-0.2522","-0.2420","71,377"
"2026-04-23T17:20:00.000Z","660.59","660.68","659.10","659.62","-0.1514","-0.1412","130,156"
"2026-04-23T17:25:00.000Z","659.53","660.50","657.99","658.30","-0.1994","-0.1892","165,175"
"2026-04-23T17:30:00.000Z","658.24","659.33","657.74","659.23","0.1405","0.1507","68,415"
"2026-04-23T17:35:00.000Z","659.32","669.00","657.20","658.04","-0.1805","-0.1704","478,130"
"2026-04-23T17:40:00.000Z","658.05","658.11","654.36","655.11","-0.4453","-0.4351","161,706"
"2026-04-23T17:45:00.000Z","655.20","655.70","653.20","654.44","-0.1023","-0.0921","154,504"
"2026-04-23T17:50:00.000Z","654.44","657.87","653.05","656.61","0.3316","0.3417","138,222"
"2026-04-23T17:55:00.000Z","656.31","658.34","656.08","658.13","0.2323","0.2424","93,507"
"2026-04-23T18:00:00.000Z","657.99","659.60","657.15","658.51","0.0570","0.0671","103,120"
"2026-04-23T18:05:00.000Z","658.61","659.99","658.10","659.35","0.1268","0.1370","110,345"
"2026-04-23T18:10:00.000Z","659.41","660.03","658.47","658.92","-0.0645","-0.0543","88,808"
"2026-04-23T18:15:00.000Z","658.96","659.18","658.33","658.78","-0.0205","-0.0103","61,054"
"2026-04-23T18:20:00.000Z","658.78","659.04","658.00","658.51","-0.0417","-0.0316","54,811"
"2026-04-23T18:25:00.000Z","658.49","658.74","658.00","658.41","-0.0152","-0.0050","42,416"
"2026-04-23T18:30:00.000Z","658.65","659.53","658.53","659.18","0.1177","0.1279","87,939"
"2026-04-23T18:35:00.000Z","659.18","659.75","659.01","659.38","0.0296","0.0397","59,554"
"2026-04-23T18:40:00.000Z","659.39","659.55","658.23","658.45","-0.1410","-0.1309","40,300"
"2026-04-23T18:45:00.000Z","658.36","658.76","658.02","658.20","-0.0380","-0.0278","70,963"
"2026-04-23T18:50:00.000Z","658.14","659.00","657.50","658.74","0.0820","0.0922","42,347"
"2026-04-23T18:55:00.000Z","658.66","658.99","657.04","657.58","-0.1761","-0.1659","44,963"
"2026-04-23T19:00:00.000Z","657.58","657.97","657.19","657.53","-0.0076","0.0025","39,459"
"2026-04-23T19:05:00.000Z","657.53","658.47","657.39","658.35","0.1239","0.1341","62,017"
"2026-04-23T19:10:00.000Z","658.33","658.39","657.76","658.26","-0.0129","-0.0028","30,096"
"2026-04-23T19:15:00.000Z","658.26","659.10","658.26","658.69","0.0653","0.0755","63,420"
"2026-04-23T19:20:00.000Z","658.69","658.77","658.28","658.60","-0.0137","-0.0035","39,830"
"2026-04-23T19:25:00.000Z","658.60","659.88","658.41","659.66","0.1609","0.1711","64,349"
"2026-04-23T19:30:00.000Z","659.66","660.65","659.36","659.77","0.0167","0.0268","80,589"
"2026-04-23T19:35:00.000Z","659.55","660.28","658.74","660.10","0.0500","0.0602","58,051"
"2026-04-23T19:40:00.000Z","660.22","660.41","658.92","659.47","-0.0954","-0.0853","81,126"
"2026-04-23T19:45:00.000Z","659.39","660.17","659.30","659.79","0.0485","0.0587","95,019"
"2026-04-23T19:50:00.000Z","659.77","659.77","657.83","659.20","-0.0894","-0.0793","166,710"
"2026-04-23T19:55:00.000Z","658.97","659.50","658.75","659.33","0.0197","0.0299","358,695"
"2026-04-24T13:30:00.000Z","660.50","660.50","653.84","656.38","-0.4474","-0.4373","456,193"
"2026-04-24T13:35:00.000Z","656.26","660.60","655.84","660.53","0.6322","0.6424","171,030"
"2026-04-24T13:40:00.000Z","660.35","662.01","660.29","661.81","0.1938","0.2040","195,152"
"2026-04-24T13:45:00.000Z","661.94","665.47","661.94","665.04","0.4881","0.4982","224,736"
"2026-04-24T13:50:00.000Z","665.07","665.43","662.95","663.60","-0.2173","-0.2071","166,190"
"2026-04-24T13:55:00.000Z","663.57","665.13","663.29","663.99","0.0595","0.0697","167,569"
"2026-04-24T14:00:00.000Z","663.94","664.88","662.97","664.62","0.0949","0.1050","124,090"
"2026-04-24T14:05:00.000Z","664.60","668.51","664.59","668.24","0.5447","0.5548","250,397"
"2026-04-24T14:10:00.000Z","668.12","669.21","667.63","667.83","-0.0613","-0.0512","171,421"
"2026-04-24T14:15:00.000Z","667.83","668.42","666.06","667.70","-0.0201","-0.0100","73,946"
"2026-04-24T14:20:00.000Z","667.75","668.70","666.25","666.68","-0.1521","-0.1419","67,434"
"2026-04-24T14:25:00.000Z","666.57","666.68","664.84","665.08","-0.2400","-0.2298","75,863"
"2026-04-24T14:30:00.000Z","665.16","665.40","664.00","664.81","-0.0406","-0.0304","100,293"
"2026-04-24T14:35:00.000Z","664.77","666.06","664.66","665.50","0.1038","0.1139","63,367"
"2026-04-24T14:40:00.000Z","665.50","666.54","665.13","666.28","0.1172","0.1274","70,420"
"2026-04-24T14:45:00.000Z","666.38","666.92","665.75","666.74","0.0683","0.0784","79,845"
"2026-04-24T14:50:00.000Z","666.74","667.27","666.30","667.13","0.0600","0.0701","41,154"
"2026-04-24T14:55:00.000Z","667.04","667.96","666.85","667.34","0.0300","0.0401","36,785"
"2026-04-24T15:00:00.000Z","667.45","668.04","667.03","667.82","0.0727","0.0828","54,034"
"2026-04-24T15:05:00.000Z","667.83","667.99","666.52","666.64","-0.1767","-0.1665","62,128"
"2026-04-24T15:10:00.000Z","666.64","668.02","666.34","667.96","0.1973","0.2074","65,748"
"2026-04-24T15:15:00.000Z","667.97","669.13","667.97","668.70","0.1115","0.1217","101,246"
"2026-04-24T15:20:00.000Z","668.63","671.73","668.52","670.66","0.2931","0.3033","162,019"
"2026-04-24T15:25:00.000Z","670.65","672.75","670.60","672.45","0.2669","0.2771","146,853"
"2026-04-24T15:30:00.000Z","672.45","674.26","672.38","672.66","0.0312","0.0414","166,463"
"2026-04-24T15:35:00.000Z","672.52","673.21","671.90","671.99","-0.0996","-0.0895","111,732"
"2026-04-24T15:40:00.000Z","672.08","674.47","671.80","674.07","0.3095","0.3197","81,534"
"2026-04-24T15:45:00.000Z","674.16","675.80","673.70","675.71","0.2426","0.2527","173,931"
"2026-04-24T15:50:00.000Z","675.80","676.53","675.00","675.34","-0.0540","-0.0439","115,512"
"2026-04-24T15:55:00.000Z","675.26","676.00","675.00","675.50","0.0237","0.0338","83,659"
"2026-04-24T16:00:00.000Z","675.47","676.38","675.01","676.38","0.1303","0.1404","81,498"
"2026-04-24T16:05:00.000Z","676.40","676.93","674.53","674.64","-0.2573","-0.2471","317,713"
"2026-04-24T16:10:00.000Z","674.77","675.77","674.57","674.70","0.0089","0.0190","54,903"
"2026-04-24T16:15:00.000Z","674.83","674.83","673.96","674.20","-0.0741","-0.0640","63,400"
"2026-04-24T16:20:00.000Z","674.21","675.24","674.21","675.20","0.1483","0.1585","53,704"
"2026-04-24T16:25:00.000Z","675.22","675.45","674.64","675.27","0.0104","0.0205","70,015"
"2026-04-24T16:30:00.000Z","675.26","676.65","675.21","676.20","0.1370","0.1471","101,906"
"2026-04-24T16:35:00.000Z","676.14","676.38","675.33","675.68","-0.0754","-0.0653","43,761"
"2026-04-24T16:40:00.000Z","675.68","676.17","675.17","675.75","0.0104","0.0205","44,634"
"2026-04-24T16:45:00.000Z","675.67","676.00","675.11","675.86","0.0148","0.0250","43,566"
"2026-04-24T16:50:00.000Z","675.97","677.54","675.73","677.48","0.2404","0.2506","126,913"
"2026-04-24T16:55:00.000Z","677.48","679.70","677.42","679.15","0.2465","0.2567","186,403"
"2026-04-24T17:00:00.000Z","679.18","680.57","679.12","680.27","0.1656","0.1758","199,317"
"2026-04-24T17:05:00.000Z","680.27","680.67","679.51","679.69","-0.0860","-0.0758","116,278"
"2026-04-24T17:10:00.000Z","679.69","680.29","679.37","680.03","0.0500","0.0602","114,924"
"2026-04-24T17:15:00.000Z","680.06","680.07","678.35","678.74","-0.1897","-0.1795","91,405"
"2026-04-24T17:20:00.000Z","678.69","679.13","677.52","678.22","-0.0773","-0.0672","77,619"
"2026-04-24T17:25:00.000Z","678.22","678.26","677.21","677.21","-0.1482","-0.1380","75,567"
"2026-04-24T17:30:00.000Z","677.20","677.71","676.50","676.87","-0.0502","-0.0401","52,453"
"2026-04-24T17:35:00.000Z","676.82","678.29","676.60","676.73","-0.0214","-0.0113","99,843"
"2026-04-24T17:40:00.000Z","676.73","677.68","676.67","677.42","0.1027","0.1129","77,803"
"2026-04-24T17:45:00.000Z","677.43","677.46","676.41","677.02","-0.0590","-0.0489","103,900"
"2026-04-24T17:50:00.000Z","677.06","678.40","676.93","677.61","0.0871","0.0973","78,247"
"2026-04-24T17:55:00.000Z","677.43","678.00","677.04","677.16","-0.0664","-0.0563","59,090"
"2026-04-24T18:00:00.000Z","677.06","677.45","676.19","676.45","-0.1052","-0.0951","49,480"
"2026-04-24T18:05:00.000Z","676.47","676.47","675.11","675.86","-0.0868","-0.0767","65,102"
"2026-04-24T18:10:00.000Z","675.81","676.00","675.04","675.46","-0.0592","-0.0490","34,491"
"2026-04-24T18:15:00.000Z","675.40","675.46","675.05","675.09","-0.0550","-0.0449","33,435"
"2026-04-24T18:20:00.000Z","675.14","675.14","674.62","675.01","-0.0116","-0.0014","48,928"
"2026-04-24T18:25:00.000Z","674.97","675.44","674.13","674.92","-0.0126","-0.0024","78,511"
"2026-04-24T18:30:00.000Z","674.98","675.50","674.74","675.12","0.0289","0.0390","66,289"
"2026-04-24T18:35:00.000Z","675.05","675.53","674.86","674.86","-0.0385","-0.0284","36,279"
"2026-04-24T18:40:00.000Z","674.94","675.21","674.20","674.82","-0.0059","0.0042","40,014"
"2026-04-24T18:45:00.000Z","674.76","675.68","674.53","675.59","0.1141","0.1243","48,899"
"2026-04-24T18:50:00.000Z","675.52","675.78","675.22","675.43","-0.0229","-0.0128","46,891"
"2026-04-24T18:55:00.000Z","675.43","676.18","675.43","676.13","0.1022","0.1123","68,983"
"2026-04-24T19:00:00.000Z","676.19","676.38","675.80","675.99","-0.0200","-0.0098","62,712"
"2026-04-24T19:05:00.000Z","675.96","676.99","675.87","676.93","0.1398","0.1499","61,345"
"2026-04-24T19:10:00.000Z","676.95","677.99","676.90","677.87","0.1381","0.1483","96,839"
"2026-04-24T19:15:00.000Z","677.91","678.48","677.88","678.16","0.0435","0.0537","101,352"
"2026-04-24T19:20:00.000Z","678.19","678.20","677.22","677.54","-0.0922","-0.0820","92,321"
"2026-04-24T19:25:00.000Z","677.62","677.80","677.15","677.38","-0.0236","-0.0134","103,736"
"2026-04-24T19:30:00.000Z","677.43","677.44","676.35","676.56","-0.1211","-0.1109","94,664"
"2026-04-24T19:35:00.000Z","676.56","676.95","676.00","676.19","-0.0547","-0.0445","58,419"
"2026-04-24T19:40:00.000Z","676.23","676.73","675.80","676.13","-0.0089","0.0013","66,290"
"2026-04-24T19:45:00.000Z","676.13","676.70","675.78","676.25","0.0185","0.0286","78,077"
"2026-04-24T19:50:00.000Z","676.27","676.76","675.00","675.72","-0.0799","-0.0697","158,710"
"2026-04-24T19:55:00.000Z","675.72","676.38","674.88","674.89","-0.1221","-0.1119","482,687"
"2026-04-27T13:30:00.000Z","671.28","677.52","670.28","675.00","0.0163","0.0265","468,323"
"2026-04-27T13:35:00.000Z","674.93","678.00","673.62","676.35","0.2000","0.2102","202,704"
"2026-04-27T13:40:00.000Z","676.38","677.67","674.60","677.48","0.1671","0.1772","187,833"
"2026-04-27T13:45:00.000Z","677.52","678.77","675.04","675.76","-0.2539","-0.2437","270,932"
"2026-04-27T13:50:00.000Z","675.75","677.73","674.87","677.45","0.2501","0.2602","153,647"
"2026-04-27T13:55:00.000Z","677.59","677.84","672.33","672.41","-0.7432","-0.7331","140,320"
"2026-04-27T14:00:00.000Z","672.41","673.26","671.88","672.21","-0.0305","-0.0203","116,742"
"2026-04-27T14:05:00.000Z","672.26","673.38","671.87","672.46","0.0372","0.0473","123,225"
"2026-04-27T14:10:00.000Z","672.40","674.90","671.31","674.90","0.3628","0.3730","172,823"
"2026-04-27T14:15:00.000Z","674.83","675.52","673.95","674.80","-0.0148","-0.0047","114,448"
"2026-04-27T14:20:00.000Z","674.80","675.92","674.69","675.38","0.0860","0.0961","65,311"
"2026-04-27T14:25:00.000Z","675.32","676.70","675.31","676.16","0.1155","0.1256","143,136"
"2026-04-27T14:30:00.000Z","676.26","677.33","675.10","677.19","0.1523","0.1625","126,354"
"2026-04-27T14:35:00.000Z","677.19","678.99","677.19","677.82","0.0923","0.1024","136,491"
"2026-04-27T14:40:00.000Z","677.87","678.15","676.04","677.90","0.0133","0.0234","66,330"
"2026-04-27T14:45:00.000Z","677.90","679.88","677.74","679.77","0.2751","0.2853","100,784"
"2026-04-27T14:50:00.000Z","679.83","681.35","679.73","681.26","0.2192","0.2293","153,648"
"2026-04-27T14:55:00.000Z","681.17","681.72","680.10","681.40","0.0208","0.0310","183,691"
"2026-04-27T15:00:00.000Z","681.40","682.50","679.72","679.97","-0.2102","-0.2000","181,434"
"2026-04-27T15:05:00.000Z","679.87","680.72","679.07","680.28","0.0456","0.0557","84,024"
"2026-04-27T15:10:00.000Z","680.21","680.28","678.00","678.21","-0.3043","-0.2941","95,933"
"2026-04-27T15:15:00.000Z","678.00","678.66","677.62","677.79","-0.0619","-0.0518","105,286"
"2026-04-27T15:20:00.000Z","677.88","678.02","676.33","676.46","-0.1962","-0.1861","78,058"
"2026-04-27T15:25:00.000Z","676.57","676.63","675.29","676.51","0.0074","0.0175","84,056"
"2026-04-27T15:30:00.000Z","676.58","676.89","674.37","674.53","-0.2927","-0.2825","112,175"
"2026-04-27T15:35:00.000Z","674.61","674.95","673.80","673.98","-0.0815","-0.0714","89,196"
"2026-04-27T15:40:00.000Z","674.08","674.83","673.73","673.75","-0.0334","-0.0232","79,598"
"2026-04-27T15:45:00.000Z","673.73","674.83","672.99","674.72","0.1432","0.1534","91,929"
"2026-04-27T15:50:00.000Z","674.68","675.08","674.21","674.85","0.0192","0.0293","85,959"
"2026-04-27T15:55:00.000Z","674.85","675.32","674.19","674.70","-0.0221","-0.0120","65,439"
"2026-04-27T16:00:00.000Z","674.76","675.65","674.03","675.00","0.0445","0.0546","85,865"
"2026-04-27T16:05:00.000Z","674.89","675.15","674.26","675.00","","0.0102","49,554"
"2026-04-27T16:10:00.000Z","674.99","675.27","674.43","674.89","-0.0163","-0.0061","58,954"
"2026-04-27T16:15:00.000Z","674.96","675.30","674.49","674.80","-0.0126","-0.0024","35,733"
"2026-04-27T16:20:00.000Z","674.78","675.40","674.72","675.10","0.0437","0.0539","59,081"
"2026-04-27T16:25:00.000Z","675.10","675.76","674.71","675.26","0.0244","0.0346","44,449"
"2026-04-27T16:30:00.000Z","675.25","676.53","675.25","676.33","0.1577","0.1679","70,933"
"2026-04-27T16:35:00.000Z","676.33","676.46","675.65","676.34","0.0015","0.0116","45,349"
"2026-04-27T16:40:00.000Z","676.31","677.15","676.12","677.03","0.1020","0.1122","60,139"
"2026-04-27T16:45:00.000Z","676.97","677.19","676.39","677.09","0.0081","0.0183","53,081"
"2026-04-27T16:50:00.000Z","677.13","678.14","676.66","677.85","0.1122","0.1224","121,909"
"2026-04-27T16:55:00.000Z","677.84","677.86","677.16","677.67","-0.0258","-0.0157","45,772"
"2026-04-27T17:00:00.000Z","677.65","677.81","677.17","677.33","-0.0509","-0.0408","42,613"
"2026-04-27T17:05:00.000Z","677.38","678.73","677.33","678.73","0.2074","0.2176","69,985"
"2026-04-27T17:10:00.000Z","678.70","679.19","678.42","678.68","-0.0066","0.0035","52,677"
"2026-04-27T17:15:00.000Z","678.61","678.86","677.51","677.95","-0.1090","-0.0989","45,102"
"2026-04-27T17:20:00.000Z","677.88","679.28","677.84","678.59","0.0951","0.1053","49,825"
"2026-04-27T17:25:00.000Z","678.59","680.08","678.58","680.04","0.2144","0.2246","57,498"
"2026-04-27T17:30:00.000Z","680.01","680.50","679.71","680.30","0.0375","0.0477","89,930"
"2026-04-27T17:35:00.000Z","680.31","680.58","679.57","679.89","-0.0595","-0.0494","55,776"
"2026-04-27T17:40:00.000Z","679.89","680.51","679.80","680.47","0.0846","0.0947","60,476"
"2026-04-27T17:45:00.000Z","680.45","680.51","679.38","679.57","-0.1323","-0.1221","65,482"
"2026-04-27T17:50:00.000Z","679.51","679.70","678.50","679.15","-0.0611","-0.0509","58,409"
"2026-04-27T17:55:00.000Z","679.13","679.72","678.98","679.27","0.0177","0.0278","43,132"
"2026-04-27T18:00:00.000Z","679.26","679.32","678.57","678.63","-0.0942","-0.0841","53,726"
"2026-04-27T18:05:00.000Z","678.64","679.34","678.45","679.23","0.0877","0.0978","64,966"
"2026-04-27T18:10:00.000Z","679.24","679.49","679.05","679.37","0.0206","0.0308","37,638"
"2026-04-27T18:15:00.000Z","679.35","679.40","678.66","678.83","-0.0795","-0.0693","30,298"
"2026-04-27T18:20:00.000Z","678.83","679.60","678.64","679.22","0.0567","0.0669","45,245"
"2026-04-27T18:25:00.000Z","679.15","679.21","678.51","678.91","-0.0449","-0.0348","29,791"
"2026-04-27T18:30:00.000Z","678.89","679.79","678.89","679.38","0.0692","0.0794","56,038"
"2026-04-27T18:35:00.000Z","679.34","679.39","678.50","678.96","-0.0618","-0.0517","42,356"
"2026-04-27T18:40:00.000Z","678.92","679.95","678.92","679.54","0.0862","0.0963","71,707"
"2026-04-27T18:45:00.000Z","679.45","679.77","679.23","679.50","-0.0074","0.0028","39,761"
"2026-04-27T18:50:00.000Z","679.50","679.75","677.74","677.76","-0.2553","-0.2452","62,362"
"2026-04-27T18:55:00.000Z","677.84","678.68","677.52","678.41","0.0959","0.1061","84,948"
"2026-04-27T19:00:00.000Z","678.41","678.63","677.07","677.13","-0.1879","-0.1778","86,864"
"2026-04-27T19:05:00.000Z","677.11","677.25","676.63","677.00","-0.0199","-0.0098","45,719"
"2026-04-27T19:10:00.000Z","677.00","677.42","676.75","677.31","0.0458","0.0559","53,012"
"2026-04-27T19:15:00.000Z","677.26","677.79","677.26","677.47","0.0236","0.0338","35,051"
"2026-04-27T19:20:00.000Z","677.47","678.13","677.40","677.96","0.0723","0.0825","52,592"
"2026-04-27T19:25:00.000Z","677.96","678.70","677.92","678.64","0.1003","0.1105","57,053"
"2026-04-27T19:30:00.000Z","678.64","678.99","678.01","678.74","0.0147","0.0249","118,435"
"2026-04-27T19:35:00.000Z","678.65","678.95","678.04","678.79","0.0074","0.0175","56,656"
"2026-04-27T19:40:00.000Z","678.84","679.48","678.76","679.35","0.0825","0.0927","75,215"
"2026-04-27T19:45:00.000Z","679.32","679.72","678.46","678.51","-0.1236","-0.1135","77,978"
"2026-04-27T19:50:00.000Z","678.57","680.00","677.14","678.50","-0.0007","0.0094","159,099"
"2026-04-27T19:55:00.000Z","678.52","679.14","678.22","678.50","-0.0007","0.0094","306,440"
"2026-04-28T13:30:00.000Z","674.26","674.78","669.89","672.00","-0.9580","-0.9478","374,346"
"2026-04-28T13:35:00.000Z","672.14","676.00","671.02","674.22","0.3304","0.3405","194,814"
"2026-04-28T13:40:00.000Z","674.34","675.43","674.10","674.70","0.0712","0.0813","154,760"
"2026-04-28T13:45:00.000Z","674.70","677.41","674.39","676.68","0.2942","0.3044","146,449"
"2026-04-28T13:50:00.000Z","676.62","678.18","675.61","676.11","-0.0850","-0.0748","142,867"
"2026-04-28T13:55:00.000Z","676.09","676.09","672.22","672.22","-0.5754","-0.5652","124,950"
"2026-04-28T14:00:00.000Z","672.22","674.08","671.93","673.35","0.1681","0.1783","120,479"
"2026-04-28T14:05:00.000Z","673.34","675.16","673.00","674.17","0.1218","0.1319","91,718"
"2026-04-28T14:10:00.000Z","673.98","674.15","671.75","672.92","-0.1861","-0.1759","147,766"
"2026-04-28T14:15:00.000Z","672.84","673.22","671.66","671.77","-0.1702","-0.1600","96,819"
"2026-04-28T14:20:00.000Z","671.70","673.27","671.33","671.62","-0.0223","-0.0122","102,313"
"2026-04-28T14:25:00.000Z","671.67","673.89","671.52","672.76","0.1697","0.1799","83,085"
"2026-04-28T14:30:00.000Z","672.75","672.75","671.54","672.22","-0.0803","-0.0701","84,460"
"2026-04-28T14:35:00.000Z","672.24","672.54","668.69","669.25","-0.4426","-0.4324","201,185"
"2026-04-28T14:40:00.000Z","669.13","670.27","668.42","669.98","0.1091","0.1192","141,211"
"2026-04-28T14:45:00.000Z","669.97","670.17","668.46","668.72","-0.1881","-0.1779","76,332"
"2026-04-28T14:50:00.000Z","668.72","669.19","667.46","667.57","-0.1712","-0.1611","150,850"
"2026-04-28T14:55:00.000Z","667.62","668.41","666.63","668.35","0.1168","0.1270","113,898"
"2026-04-28T15:00:00.000Z","668.37","669.50","668.02","668.59","0.0352","0.0453","84,255"
"2026-04-28T15:05:00.000Z","668.60","668.83","665.63","666.75","-0.2745","-0.2643","114,469"
"2026-04-28T15:10:00.000Z","666.68","667.93","666.43","667.85","0.1650","0.1751","71,054"
"2026-04-28T15:15:00.000Z","667.93","668.17","667.00","667.71","-0.0210","-0.0108","86,571"
"2026-04-28T15:20:00.000Z","667.72","668.13","666.79","668.00","0.0427","0.0528","55,856"
"2026-04-28T15:25:00.000Z","667.92","668.07","666.50","667.41","-0.0868","-0.0767","73,131"
"2026-04-28T15:30:00.000Z","667.44","668.29","667.00","668.18","0.1154","0.1255","72,695"
"2026-04-28T15:35:00.000Z","668.16","668.81","667.47","668.70","0.0771","0.0872","86,479"
"2026-04-28T15:40:00.000Z","668.81","669.34","668.20","669.28","0.0867","0.0969","87,187"
"2026-04-28T15:45:00.000Z","669.32","669.86","668.21","668.58","-0.1046","-0.0944","100,381"
"2026-04-28T15:50:00.000Z","668.65","669.17","668.25","668.41","-0.0254","-0.0153","64,856"
"2026-04-28T15:55:00.000Z","668.36","668.85","667.62","668.82","0.0613","0.0715","68,576"
"2026-04-28T16:00:00.000Z","668.81","668.88","667.50","667.50","-0.1974","-0.1872","56,065"
"2026-04-28T16:05:00.000Z","667.63","668.45","666.30","667.24","-0.0390","-0.0288","90,161"
"2026-04-28T16:10:00.000Z","667.35","667.87","666.50","667.67","0.0644","0.0746","38,874"
"2026-04-28T16:15:00.000Z","667.74","669.13","667.48","669.04","0.2059","0.2161","58,320"
"2026-04-28T16:20:00.000Z","669.05","669.63","668.82","669.03","-0.0015","0.0087","45,922"
"2026-04-28T16:25:00.000Z","669.13","669.36","668.66","669.36","0.0486","0.0587","27,937"
"2026-04-28T16:30:00.000Z","669.29","669.87","668.71","669.00","-0.0538","-0.0436","33,345"
"2026-04-28T16:35:00.000Z","669.02","669.71","668.34","669.41","0.0613","0.0714","37,327"
"2026-04-28T16:40:00.000Z","669.41","669.59","668.35","668.44","-0.1449","-0.1348","32,362"
"2026-04-28T16:45:00.000Z","668.35","669.21","668.22","669.19","0.1122","0.1224","25,535"
"2026-04-28T16:50:00.000Z","669.12","670.62","669.04","670.18","0.1479","0.1581","40,191"
"2026-04-28T16:55:00.000Z","670.18","670.44","669.84","670.24","0.0090","0.0191","33,348"
"2026-04-28T17:00:00.000Z","670.28","670.37","669.21","669.74","-0.0752","-0.0650","26,865"
"2026-04-28T17:05:00.000Z","669.79","670.23","669.61","669.91","0.0267","0.0369","28,845"
"2026-04-28T17:10:00.000Z","669.84","669.91","669.31","669.50","-0.0627","-0.0525","30,570"
"2026-04-28T17:15:00.000Z","669.43","669.77","669.00","669.66","0.0246","0.0348","26,163"
"2026-04-28T17:20:00.000Z","669.70","669.79","669.15","669.57","-0.0134","-0.0033","25,132"
"2026-04-28T17:25:00.000Z","669.58","670.52","669.43","670.26","0.1031","0.1132","25,282"
"2026-04-28T17:30:00.000Z","670.24","670.92","669.93","670.20","-0.0090","0.0012","55,872"
"2026-04-28T17:35:00.000Z","670.20","670.35","669.85","670.04","-0.0239","-0.0137","29,668"
"2026-04-28T17:40:00.000Z","670.04","670.38","669.72","670.26","0.0328","0.0430","25,785"
"2026-04-28T17:45:00.000Z","670.33","670.71","668.59","670.58","0.0477","0.0579","47,988"
"2026-04-28T17:50:00.000Z","670.58","671.10","670.21","670.78","0.0298","0.0400","29,654"
"2026-04-28T17:55:00.000Z","670.85","670.99","670.10","670.37","-0.0611","-0.0510","31,532"
"2026-04-28T18:00:00.000Z","670.37","670.75","670.21","670.35","-0.0030","0.0072","40,970"
"2026-04-28T18:05:00.000Z","670.38","671.30","670.12","671.19","0.1253","0.1355","44,304"
"2026-04-28T18:10:00.000Z","671.29","671.36","670.60","671.08","-0.0164","-0.0062","53,916"
"2026-04-28T18:15:00.000Z","671.03","671.58","670.93","670.97","-0.0164","-0.0062","39,713"
"2026-04-28T18:20:00.000Z","670.97","671.72","670.97","671.37","0.0596","0.0698","44,383"
"2026-04-28T18:25:00.000Z","671.32","671.83","671.08","671.75","0.0563","0.0665","36,273"
"2026-04-28T18:30:00.000Z","671.76","672.09","671.07","671.17","-0.0860","-0.0759","68,864"
"2026-04-28T18:35:00.000Z","671.23","671.63","671.02","671.58","0.0611","0.0712","33,906"
"2026-04-28T18:40:00.000Z","671.49","671.67","671.27","671.67","0.0134","0.0236","32,936"
"2026-04-28T18:45:00.000Z","671.65","671.67","671.21","671.56","-0.0164","-0.0062","30,003"
"2026-04-28T18:50:00.000Z","671.59","672.82","671.52","672.50","0.1400","0.1501","109,051"
"2026-04-28T18:55:00.000Z","672.49","672.50","671.11","671.31","-0.1770","-0.1668","43,076"
"2026-04-28T19:00:00.000Z","671.27","671.27","669.53","669.65","-0.2465","-0.2364","73,757"
"2026-04-28T19:05:00.000Z","669.67","670.74","669.67","670.74","0.1620","0.1722","49,632"
"2026-04-28T19:10:00.000Z","670.66","670.76","670.25","670.48","-0.0395","-0.0294","41,146"
"2026-04-28T19:15:00.000Z","670.53","670.62","670.17","670.49","0.0022","0.0124","49,946"
"2026-04-28T19:20:00.000Z","670.43","671.36","670.19","670.66","0.0254","0.0355","52,797"
"2026-04-28T19:25:00.000Z","670.66","670.76","670.46","670.48","-0.0268","-0.0167","37,549"
"2026-04-28T19:30:00.000Z","670.52","670.66","669.45","669.47","-0.1506","-0.1405","68,726"
"2026-04-28T19:35:00.000Z","669.56","670.44","669.30","670.20","0.1090","0.1192","55,857"
"2026-04-28T19:40:00.000Z","670.25","670.51","670.20","670.39","0.0283","0.0385","43,322"
"2026-04-28T19:45:00.000Z","670.34","670.68","670.09","670.61","0.0328","0.0430","57,979"
"2026-04-28T19:50:00.000Z","670.60","671.58","670.60","671.41","0.1197","0.1298","97,885"
"2026-04-28T19:55:00.000Z","671.36","671.58","670.97","671.18","-0.0346","-0.0245","248,339"
"2026-04-29T13:30:00.000Z","669.37","669.37","664.63","665.57","-0.8358","-0.8257","293,072"
"2026-04-29T13:35:00.000Z","665.43","666.48","664.03","666.35","0.1172","0.1273","175,792"
"2026-04-29T13:40:00.000Z","666.27","667.02","664.12","664.87","-0.2221","-0.2120","133,511"
"2026-04-29T13:45:00.000Z","664.87","667.96","663.81","667.43","0.3858","0.3959","167,474"
"2026-04-29T13:50:00.000Z","667.43","669.89","667.01","669.74","0.3454","0.3555","142,532"
"2026-04-29T13:55:00.000Z","669.74","670.00","668.54","669.59","-0.0231","-0.0130","136,296"
"2026-04-29T14:00:00.000Z","669.60","670.85","668.50","670.69","0.1650","0.1752","151,308"
"2026-04-29T14:05:00.000Z","670.69","671.08","670.01","670.84","0.0224","0.0325","153,811"
"2026-04-29T14:10:00.000Z","670.84","672.66","670.31","672.58","0.2594","0.2695","210,389"
"2026-04-29T14:15:00.000Z","672.64","673.22","671.20","671.31","-0.1888","-0.1787","190,498"
"2026-04-29T14:20:00.000Z","671.31","672.10","670.30","672.10","0.1177","0.1278","86,518"
"2026-04-29T14:25:00.000Z","672.10","672.37","671.16","671.97","-0.0193","-0.0092","79,946"
"2026-04-29T14:30:00.000Z","671.87","672.65","670.48","672.55","0.0863","0.0965","68,185"
"2026-04-29T14:35:00.000Z","672.55","673.77","672.41","673.42","0.1301","0.1403","156,546"
"2026-04-29T14:40:00.000Z","673.42","673.94","672.08","672.90","-0.0772","-0.0671","92,198"
"2026-04-29T14:45:00.000Z","673.00","673.13","670.68","671.27","-0.2430","-0.2328","68,415"
"2026-04-29T14:50:00.000Z","671.28","672.41","670.38","671.78","0.0760","0.0861","59,105"
"2026-04-29T14:55:00.000Z","671.81","672.48","671.63","672.09","0.0454","0.0556","47,303"
"2026-04-29T15:00:00.000Z","672.09","674.00","671.10","671.26","-0.1228","-0.1126","61,849"
"2026-04-29T15:05:00.000Z","671.16","671.54","670.11","670.43","-0.1236","-0.1135","77,049"
"2026-04-29T15:10:00.000Z","670.40","670.40","668.78","668.86","-0.2342","-0.2240","123,725"
"2026-04-29T15:15:00.000Z","668.82","670.37","668.68","670.07","0.1802","0.1903","117,096"
"2026-04-29T15:20:00.000Z","670.13","671.17","669.86","671.05","0.1470","0.1572","102,167"
"2026-04-29T15:25:00.000Z","671.09","672.00","671.06","671.78","0.1095","0.1197","99,741"
"2026-04-29T15:30:00.000Z","671.78","672.22","670.93","671.04","-0.1109","-0.1007","155,999"
"2026-04-29T15:35:00.000Z","671.17","671.48","670.46","671.13","0.0134","0.0236","56,375"
"2026-04-29T15:40:00.000Z","671.16","671.61","671.02","671.04","-0.0134","-0.0033","41,453"
"2026-04-29T15:45:00.000Z","671.00","671.73","670.89","671.12","0.0115","0.0217","45,154"
"2026-04-29T15:50:00.000Z","671.19","671.50","668.44","668.74","-0.3543","-0.3441","132,725"
"2026-04-29T15:55:00.000Z","668.72","669.24","667.87","669.22","0.0718","0.0819","70,479"
"2026-04-29T16:00:00.000Z","669.01","669.51","668.74","669.05","-0.0254","-0.0152","48,072"
"2026-04-29T16:05:00.000Z","669.02","671.01","668.95","670.90","0.2758","0.2859","106,044"
"2026-04-29T16:10:00.000Z","670.99","672.00","670.90","671.65","0.1125","0.1227","95,721"
"2026-04-29T16:15:00.000Z","671.70","672.17","670.12","670.17","-0.2204","-0.2102","117,714"
"2026-04-29T16:20:00.000Z","670.23","670.55","669.18","669.53","-0.0948","-0.0846","51,482"
"2026-04-29T16:25:00.000Z","669.60","669.70","668.90","669.12","-0.0620","-0.0518","55,808"
"2026-04-29T16:30:00.000Z","669.11","669.11","667.04","667.13","-0.2974","-0.2873","68,761"
"2026-04-29T16:35:00.000Z","667.14","668.12","666.59","668.12","0.1484","0.1586","64,025"
"2026-04-29T16:40:00.000Z","668.12","669.00","667.57","668.27","0.0225","0.0326","59,247"
"2026-04-29T16:45:00.000Z","668.30","668.31","667.71","668.15","-0.0180","-0.0078","40,922"
"2026-04-29T16:50:00.000Z","668.06","668.91","667.50","667.66","-0.0726","-0.0624","52,892"
"2026-04-29T16:55:00.000Z","667.62","668.29","667.31","667.68","0.0030","0.0131","43,029"
"2026-04-29T17:00:00.000Z","667.69","668.00","667.47","667.89","0.0307","0.0409","35,230"
"2026-04-29T17:05:00.000Z","667.92","670.00","667.85","670.00","0.3159","0.3261","76,557"
"2026-04-29T17:10:00.000Z","669.92","670.55","669.58","670.08","0.0120","0.0221","62,643"
"2026-04-29T17:15:00.000Z","670.07","670.83","669.91","670.27","0.0284","0.0385","92,935"
"2026-04-29T17:20:00.000Z","670.27","671.05","670.25","670.36","0.0134","0.0236","74,510"
"2026-04-29T17:25:00.000Z","670.42","670.84","669.73","670.67","0.0462","0.0564","45,846"
"2026-04-29T17:30:00.000Z","670.76","671.23","670.42","670.45","-0.0335","-0.0234","57,357"
"2026-04-29T17:35:00.000Z","670.45","670.45","669.23","669.75","-0.1029","-0.0928","74,093"
"2026-04-29T17:40:00.000Z","669.74","670.31","669.54","670.31","0.0829","0.0930","52,526"
"2026-04-29T17:45:00.000Z","670.31","671.26","670.05","671.26","0.1417","0.1519","51,301"
"2026-04-29T17:50:00.000Z","671.28","671.88","670.86","671.16","-0.0150","-0.0049","80,957"
"2026-04-29T17:55:00.000Z","671.10","671.81","670.92","671.81","0.0970","0.1071","54,497"
"2026-04-29T18:00:00.000Z","671.74","671.96","670.50","670.57","-0.1846","-0.1744","70,623"
"2026-04-29T18:05:00.000Z","670.66","671.10","669.50","669.65","-0.1372","-0.1270","71,307"
"2026-04-29T18:10:00.000Z","669.73","670.97","669.00","670.79","0.1710","0.1811","71,306"
"2026-04-29T18:15:00.000Z","670.77","672.00","670.71","671.75","0.1416","0.1518","88,238"
"2026-04-29T18:20:00.000Z","671.75","672.66","671.30","671.50","-0.0357","-0.0256","100,464"
"2026-04-29T18:25:00.000Z","671.54","671.54","670.25","670.65","-0.1266","-0.1164","73,701"
"2026-04-29T18:30:00.000Z","670.65","671.78","670.35","671.33","0.0999","0.1101","73,440"
"2026-04-29T18:35:00.000Z","671.40","673.24","671.38","671.88","0.0827","0.0928","102,755"
"2026-04-29T18:40:00.000Z","671.82","671.99","671.16","671.16","-0.1072","-0.0970","90,798"
"2026-04-29T18:45:00.000Z","671.17","672.60","670.62","672.28","0.1669","0.1770","74,073"
"2026-04-29T18:50:00.000Z","672.29","673.07","671.86","672.00","-0.0416","-0.0315","75,712"
"2026-04-29T18:55:00.000Z","672.01","673.73","671.94","673.29","0.1920","0.2021","92,761"
"2026-04-29T19:00:00.000Z","673.32","673.58","672.40","672.40","-0.1322","-0.1220","80,619"
"2026-04-29T19:05:00.000Z","672.40","672.40","671.64","671.75","-0.0967","-0.0865","103,913"
"2026-04-29T19:10:00.000Z","671.68","673.18","671.39","673.03","0.1905","0.2007","90,326"
"2026-04-29T19:15:00.000Z","673.07","673.94","673.05","673.46","0.0639","0.0740","116,193"
"2026-04-29T19:20:00.000Z","673.51","674.25","673.15","673.86","0.0594","0.0695","165,665"
"2026-04-29T19:25:00.000Z","673.87","674.12","673.00","673.40","-0.0683","-0.0581","180,449"
"2026-04-29T19:30:00.000Z","673.35","673.54","672.10","672.43","-0.1441","-0.1339","160,964"
"2026-04-29T19:35:00.000Z","672.21","672.87","671.77","672.69","0.0387","0.0488","151,786"
"2026-04-29T19:40:00.000Z","672.67","672.75","671.34","671.63","-0.1576","-0.1474","180,609"
"2026-04-29T19:45:00.000Z","671.69","672.40","670.67","671.34","-0.0432","-0.0330","176,282"
"2026-04-29T19:50:00.000Z","671.34","671.77","670.38","670.94","-0.0596","-0.0494","318,963"
"2026-04-29T19:55:00.000Z","670.95","670.99","667.84","669.91","-0.1535","-0.1434","674,330"
"2026-04-30T13:30:00.000Z","619.37","620.85","601.96","602.00","-10.14","-10.13","2,818,690"
"2026-04-30T13:35:00.000Z","602.00","606.20","601.18","603.00","0.1653","0.1754","1,818,017"
"2026-04-30T13:40:00.000Z","603.02","608.95","602.21","608.53","0.9171","0.9272","1,167,383"
"2026-04-30T13:45:00.000Z","608.56","610.00","603.29","607.42","-0.1816","-0.1714","1,077,141"
"2026-04-30T13:50:00.000Z","607.32","608.43","604.04","604.30","-0.5149","-0.5047","747,142"
"2026-04-30T13:55:00.000Z","604.23","604.49","602.50","603.90","-0.0658","-0.0556","836,162"
"2026-04-30T14:00:00.000Z","603.98","605.52","602.50","603.72","-0.0298","-0.0197","660,895"
"2026-04-30T14:05:00.000Z","603.76","606.31","603.22","603.34","-0.0638","-0.0536","597,348"
"2026-04-30T14:10:00.000Z","603.30","603.87","602.50","602.86","-0.0796","-0.0694","528,819"
"2026-04-30T14:15:00.000Z","602.79","602.92","600.10","600.23","-0.4354","-0.4253","915,937"
"2026-04-30T14:20:00.000Z","600.24","601.21","600.00","600.35","0.0200","0.0301","692,355"
"2026-04-30T14:25:00.000Z","600.33","602.39","600.00","602.29","0.3231","0.3333","767,090"
"2026-04-30T14:30:00.000Z","602.21","604.54","601.00","604.39","0.3495","0.3597","502,908"
"2026-04-30T14:35:00.000Z","604.39","605.59","602.50","604.39","-0.0008","0.0093","434,171"
"2026-04-30T14:40:00.000Z","604.44","604.81","602.50","602.80","-0.2631","-0.2529","362,643"
"2026-04-30T14:45:00.000Z","602.86","605.29","602.47","603.91","0.1841","0.1943","345,389"
"2026-04-30T14:50:00.000Z","603.86","606.75","603.20","606.68","0.4595","0.4697","309,678"
"2026-04-30T14:55:00.000Z","606.73","608.40","606.25","608.35","0.2744","0.2846","508,367"
"2026-04-30T15:00:00.000Z","608.35","609.60","607.81","608.48","0.0205","0.0307","449,852"
"2026-04-30T15:05:00.000Z","608.50","608.66","604.83","605.56","-0.4791","-0.4689","385,459"
"2026-04-30T15:10:00.000Z","605.68","606.48","604.65","606.43","0.1437","0.1538","302,425"
"2026-04-30T15:15:00.000Z","606.38","607.30","605.31","605.78","-0.1072","-0.0970","259,592"
"2026-04-30T15:20:00.000Z","605.81","605.98","604.75","605.82","0.0066","0.0168","206,536"
"2026-04-30T15:25:00.000Z","605.83","607.32","605.52","606.44","0.1023","0.1125","244,860"
"2026-04-30T15:30:00.000Z","606.45","608.00","606.04","607.13","0.1138","0.1239","241,652"
"2026-04-30T15:35:00.000Z","607.12","607.42","606.00","606.45","-0.1123","-0.1022","195,867"
"2026-04-30T15:40:00.000Z","606.44","608.40","606.15","607.92","0.2427","0.2529","233,766"
"2026-04-30T15:45:00.000Z","607.98","607.98","606.15","607.50","-0.0691","-0.0589","226,376"
"2026-04-30T15:50:00.000Z","607.47","609.46","607.34","609.10","0.2630","0.2732","337,342"
"2026-04-30T15:55:00.000Z","609.15","609.54","608.00","608.01","-0.1786","-0.1684","199,780"
"2026-04-30T16:00:00.000Z","608.01","608.91","606.48","608.18","0.0280","0.0381","234,279"
"2026-04-30T16:05:00.000Z","608.02","609.20","607.71","608.18","","0.0102","179,350"
"2026-04-30T16:10:00.000Z","608.10","610.30","607.78","609.65","0.2417","0.2519","348,947"
"2026-04-30T16:15:00.000Z","609.64","610.24","608.13","609.47","-0.0295","-0.0194","316,660"
"2026-04-30T16:20:00.000Z","609.47","612.00","609.24","609.84","0.0607","0.0709","448,430"
"2026-04-30T16:25:00.000Z","609.84","611.18","608.66","608.81","-0.1689","-0.1587","308,328"
"2026-04-30T16:30:00.000Z","608.85","609.92","608.64","609.71","0.1470","0.1571","259,092"
"2026-04-30T16:35:00.000Z","609.71","609.97","607.86","608.28","-0.2329","-0.2227","268,526"
"2026-04-30T16:40:00.000Z","608.26","608.40","605.77","605.88","-0.3962","-0.3860","281,891"
"2026-04-30T16:45:00.000Z","605.88","607.78","605.55","607.61","0.2855","0.2957","259,234"
"2026-04-30T16:50:00.000Z","607.53","608.39","607.22","608.15","0.0897","0.0999","311,384"
"2026-04-30T16:55:00.000Z","608.15","608.49","606.98","608.09","-0.0099","0.0003","220,198"
"2026-04-30T17:00:00.000Z","608.16","608.44","606.60","607.73","-0.0592","-0.0490","204,025"
"2026-04-30T17:05:00.000Z","607.75","608.00","606.90","608.00","0.0444","0.0546","196,605"
"2026-04-30T17:10:00.000Z","608.00","610.35","607.66","610.09","0.3438","0.3539","226,796"
"2026-04-30T17:15:00.000Z","609.92","610.00","607.57","608.11","-0.3245","-0.3144","187,141"
"2026-04-30T17:20:00.000Z","608.18","608.64","606.28","606.49","-0.2672","-0.2571","239,978"
"2026-04-30T17:25:00.000Z","606.49","607.60","606.20","607.54","0.1748","0.1849","185,977"
"2026-04-30T17:30:00.000Z","607.68","608.69","607.63","608.57","0.1687","0.1789","215,868"
"2026-04-30T17:35:00.000Z","608.68","608.95","608.00","608.69","0.0197","0.0299","172,473"
"2026-04-30T17:40:00.000Z","608.68","609.90","608.42","609.46","0.1265","0.1367","218,114"
"2026-04-30T17:45:00.000Z","609.48","612.40","609.23","610.53","0.1758","0.1860","349,327"
"2026-04-30T17:50:00.000Z","610.52","611.38","609.44","609.62","-0.1493","-0.1391","225,385"
"2026-04-30T17:55:00.000Z","609.63","613.67","609.40","613.30","0.6037","0.6138","316,312"
"2026-04-30T18:00:00.000Z","613.30","616.86","612.71","616.69","0.5533","0.5634","511,820"
"2026-04-30T18:05:00.000Z","616.68","616.80","615.11","615.87","-0.1335","-0.1233","307,881"
"2026-04-30T18:10:00.000Z","615.91","618.40","615.51","617.17","0.2111","0.2212","378,570"
"2026-04-30T18:15:00.000Z","617.17","618.39","616.00","616.21","-0.1556","-0.1454","314,800"
"2026-04-30T18:20:00.000Z","616.11","616.51","614.68","616.16","-0.0081","0.0021","286,549"
"2026-04-30T18:25:00.000Z","616.19","616.80","614.67","616.07","-0.0146","-0.0045","241,218"
"2026-04-30T18:30:00.000Z","616.07","617.09","614.47","616.59","0.0844","0.0946","307,727"
"2026-04-30T18:35:00.000Z","616.57","617.86","616.35","616.83","0.0381","0.0483","265,402"
"2026-04-30T18:40:00.000Z","616.75","618.09","616.53","617.11","0.0454","0.0555","275,542"
"2026-04-30T18:45:00.000Z","617.05","617.39","616.10","616.68","-0.0681","-0.0579","182,832"
"2026-04-30T18:50:00.000Z","616.68","616.77","615.80","616.50","-0.0300","-0.0198","229,930"
"2026-04-30T18:55:00.000Z","616.54","616.88","615.77","616.15","-0.0560","-0.0458","173,577"
"2026-04-30T19:00:00.000Z","616.16","616.40","615.25","616.30","0.0235","0.0337","211,471"
"2026-04-30T19:05:00.000Z","616.31","616.34","614.70","615.04","-0.2044","-0.1943","207,429"
"2026-04-30T19:10:00.000Z","615.04","616.29","614.91","615.80","0.1237","0.1338","283,188"
"2026-04-30T19:15:00.000Z","615.58","616.62","615.00","615.40","-0.0651","-0.0549","381,144"
"2026-04-30T19:20:00.000Z","615.40","616.59","615.00","616.47","0.1731","0.1832","215,143"
"2026-04-30T19:25:00.000Z","616.50","618.00","615.89","617.04","0.0933","0.1034","242,941"
"2026-04-30T19:30:00.000Z","617.07","619.92","616.72","618.36","0.2131","0.2233","349,156"
"2026-04-30T19:35:00.000Z","618.38","619.12","617.29","618.25","-0.0170","-0.0068","376,972"
"2026-04-30T19:40:00.000Z","618.24","618.27","616.71","617.86","-0.0639","-0.0537","290,377"
"2026-04-30T19:45:00.000Z","617.80","617.80","613.77","614.72","-0.5082","-0.4981","504,960"
"2026-04-30T19:50:00.000Z","615.52","617.13","613.15","613.15","-0.2538","-0.2436","669,038"
"2026-04-30T19:55:00.000Z","613.18","614.18","611.20","612.08","-0.1761","-0.1660","1,128,292"
"2026-05-01T13:30:00.000Z","614.70","618.88","610.80","613.64","0.2565","0.2667","787,500"
"2026-05-01T13:35:00.000Z","613.64","614.48","611.25","612.33","-0.2137","-0.2035","339,216"
"2026-05-01T13:40:00.000Z","612.19","613.66","611.12","612.80","0.0765","0.0867","283,395"
"2026-05-01T13:45:00.000Z","612.64","612.79","610.18","611.72","-0.1766","-0.1665","298,585"
"2026-05-01T13:50:00.000Z","611.72","613.36","611.49","612.59","0.1422","0.1524","195,385"
"2026-05-01T13:55:00.000Z","612.72","614.29","612.00","613.15","0.0914","0.1016","253,036"
"2026-05-01T14:00:00.000Z","613.29","613.31","611.00","611.88","-0.2071","-0.1970","285,075"
"2026-05-01T14:05:00.000Z","611.88","614.08","611.30","613.50","0.2648","0.2749","265,529"
"2026-05-01T14:10:00.000Z","613.54","614.38","611.63","611.65","-0.3015","-0.2914","278,600"
"2026-05-01T14:15:00.000Z","611.65","613.96","611.10","613.86","0.3618","0.3720","240,884"
"2026-05-01T14:20:00.000Z","613.89","613.95","612.30","612.60","-0.2057","-0.1956","181,749"
"2026-05-01T14:25:00.000Z","612.50","612.73","610.98","611.32","-0.2098","-0.1996","185,551"
"2026-05-01T14:30:00.000Z","611.32","611.46","607.33","608.22","-0.5063","-0.4961","470,269"
"2026-05-01T14:35:00.000Z","608.20","608.51","606.11","608.04","-0.0288","-0.0186","352,460"
"2026-05-01T14:40:00.000Z","608.09","611.12","607.57","610.18","0.3503","0.3605","286,705"
"2026-05-01T14:45:00.000Z","610.17","611.25","610.00","611.21","0.1696","0.1798","200,163"
"2026-05-01T14:50:00.000Z","611.22","611.60","610.00","610.98","-0.0376","-0.0275","272,379"
"2026-05-01T14:55:00.000Z","610.98","612.38","610.90","611.52","0.0884","0.0985","185,941"
"2026-05-01T15:00:00.000Z","611.43","611.95","610.55","611.60","0.0131","0.0232","203,379"
"2026-05-01T15:05:00.000Z","611.68","612.33","611.53","611.95","0.0564","0.0666","243,758"
"2026-05-01T15:10:00.000Z","611.93","614.20","611.80","614.12","0.3554","0.3656","196,658"
"2026-05-01T15:15:00.000Z","614.15","615.00","613.41","613.68","-0.0716","-0.0615","221,391"
"2026-05-01T15:20:00.000Z","613.57","614.20","613.41","613.84","0.0261","0.0362","87,114"
"2026-05-01T15:25:00.000Z","613.90","614.85","613.62","614.43","0.0954","0.1056","99,766"
"2026-05-01T15:30:00.000Z","614.45","614.84","613.24","613.34","-0.1775","-0.1673","126,178"
"2026-05-01T15:35:00.000Z","613.25","614.55","612.88","613.29","-0.0073","0.0028","192,851"
"2026-05-01T15:40:00.000Z","613.35","613.54","612.13","612.13","-0.1891","-0.1790","133,711"
"2026-05-01T15:45:00.000Z","612.13","612.49","611.27","611.37","-0.1250","-0.1148","181,957"
"2026-05-01T15:50:00.000Z","611.37","611.77","609.96","610.71","-0.1071","-0.0970","227,714"
"2026-05-01T15:55:00.000Z","610.71","612.10","610.66","611.93","0.1998","0.2099","127,711"
"2026-05-01T16:00:00.000Z","611.86","612.21","611.18","611.22","-0.1160","-0.1059","269,035"
"2026-05-01T16:05:00.000Z","611.28","611.32","610.00","610.15","-0.1751","-0.1649","109,271"
"2026-05-01T16:10:00.000Z","610.14","611.51","610.14","610.45","0.0492","0.0593","135,425"
"2026-05-01T16:15:00.000Z","610.50","611.78","610.34","611.78","0.2179","0.2280","100,224"
"2026-05-01T16:20:00.000Z","611.81","612.83","611.40","612.62","0.1365","0.1466","263,058"
"2026-05-01T16:25:00.000Z","612.62","612.65","611.53","612.16","-0.0739","-0.0637","91,402"
"2026-05-01T16:30:00.000Z","612.13","612.60","610.91","611.39","-0.1254","-0.1152","101,397"
"2026-05-01T16:35:00.000Z","611.40","611.90","610.80","611.66","0.0433","0.0535","61,795"
"2026-05-01T16:40:00.000Z","611.63","612.08","611.63","611.90","0.0392","0.0494","52,539"
"2026-05-01T16:45:00.000Z","611.82","612.28","611.65","612.14","0.0392","0.0494","71,002"
"2026-05-01T16:50:00.000Z","612.13","612.53","611.84","612.49","0.0564","0.0665","86,160"
"2026-05-01T16:55:00.000Z","612.47","613.79","612.09","612.51","0.0041","0.0142","186,448"
"2026-05-01T17:00:00.000Z","612.49","613.10","611.97","612.03","-0.0784","-0.0682","152,053"
"2026-05-01T17:05:00.000Z","611.97","612.15","611.52","612.01","-0.0033","0.0069","97,678"
"2026-05-01T17:10:00.000Z","612.00","612.15","611.67","612.04","0.0049","0.0151","63,862"
"2026-05-01T17:15:00.000Z","612.00","613.53","611.92","613.53","0.2434","0.2536","204,063"
"2026-05-01T17:20:00.000Z","613.45","615.17","613.20","614.79","0.2062","0.2163","200,797"
"2026-05-01T17:25:00.000Z","614.74","615.67","614.42","615.62","0.1334","0.1435","129,590"
"2026-05-01T17:30:00.000Z","615.62","615.98","613.59","613.74","-0.3046","-0.2944","147,281"
"2026-05-01T17:35:00.000Z","613.74","614.30","613.74","614.01","0.0440","0.0541","76,015"
"2026-05-01T17:40:00.000Z","614.02","614.29","613.98","614.08","0.0113","0.0214","93,473"
"2026-05-01T17:45:00.000Z","614.03","614.11","611.85","612.04","-0.3321","-0.3219","169,359"
"2026-05-01T17:50:00.000Z","612.08","612.58","611.95","612.36","0.0523","0.0624","122,260"
"2026-05-01T17:55:00.000Z","612.35","612.48","611.90","612.03","-0.0539","-0.0437","89,330"
"2026-05-01T18:00:00.000Z","612.03","612.15","610.90","611.06","-0.1585","-0.1483","102,008"
"2026-05-01T18:05:00.000Z","611.07","611.62","610.75","611.51","0.0736","0.0838","121,658"
"2026-05-01T18:10:00.000Z","611.53","611.70","610.65","610.98","-0.0867","-0.0765","100,023"
"2026-05-01T18:15:00.000Z","610.91","611.13","610.37","611.07","0.0147","0.0249","92,350"
"2026-05-01T18:20:00.000Z","611.07","611.55","610.90","611.50","0.0696","0.0797","90,627"
"2026-05-01T18:25:00.000Z","611.50","612.00","611.11","611.85","0.0581","0.0682","93,379"
"2026-05-01T18:30:00.000Z","611.84","612.11","611.14","612.07","0.0360","0.0461","121,378"
"2026-05-01T18:35:00.000Z","612.09","613.50","611.89","613.10","0.1683","0.1784","162,321"
"2026-05-01T18:40:00.000Z","613.01","613.43","612.15","612.15","-0.1550","-0.1448","137,360"
"2026-05-01T18:45:00.000Z","612.15","612.97","611.80","611.98","-0.0286","-0.0184","128,082"
"2026-05-01T18:50:00.000Z","612.00","612.14","611.54","611.85","-0.0204","-0.0103","128,821"
"2026-05-01T18:55:00.000Z","611.81","611.99","610.75","611.25","-0.0972","-0.0871","131,054"
"2026-05-01T19:00:00.000Z","611.18","611.61","611.00","611.19","-0.0106","-0.0005","103,134"
"2026-05-01T19:05:00.000Z","611.06","611.77","610.87","611.18","-0.0016","0.0085","124,361"
"2026-05-01T19:10:00.000Z","611.14","611.22","609.50","609.75","-0.2340","-0.2238","230,339"
"2026-05-01T19:15:00.000Z","609.77","610.85","609.60","610.56","0.1329","0.1430","186,954"
"2026-05-01T19:20:00.000Z","610.56","610.88","610.16","610.43","-0.0213","-0.0112","125,259"
"2026-05-01T19:25:00.000Z","610.37","611.43","610.07","611.27","0.1384","0.1486","151,577"
"2026-05-01T19:30:00.000Z","611.26","611.71","611.10","611.56","0.0466","0.0568","154,458"
"2026-05-01T19:35:00.000Z","611.55","611.76","611.01","611.44","-0.0196","-0.0095","154,563"
"2026-05-01T19:40:00.000Z","611.34","612.59","611.07","612.42","0.1603","0.1704","175,075"
"2026-05-01T19:45:00.000Z","612.42","612.70","611.28","611.53","-0.1445","-0.1344","225,107"
"2026-05-01T19:50:00.000Z","611.51","611.90","610.00","610.13","-0.2289","-0.2188","462,619"
"2026-05-01T19:55:00.000Z","610.13","610.13","608.38","608.75","-0.2278","-0.2177","753,196"
"2026-05-04T13:30:00.000Z","608.24","608.40","604.26","606.47","-0.3737","-0.3636","516,323"
"2026-05-04T13:35:00.000Z","606.34","608.25","605.70","606.98","0.0841","0.0942","289,800"
"2026-05-04T13:40:00.000Z","606.90","607.68","605.20","605.62","-0.2241","-0.2139","273,762"
"2026-05-04T13:45:00.000Z","605.56","606.60","604.14","605.75","0.0215","0.0316","286,197"
"2026-05-04T13:50:00.000Z","605.67","606.59","605.22","605.34","-0.0677","-0.0575","171,965"
"2026-05-04T13:55:00.000Z","605.33","605.94","604.08","604.20","-0.1883","-0.1782","201,264"
"2026-05-04T14:00:00.000Z","604.13","604.89","603.20","604.04","-0.0257","-0.0155","247,158"
"2026-05-04T14:05:00.000Z","604.05","604.36","602.82","602.82","-0.2028","-0.1926","208,546"
"2026-05-04T14:10:00.000Z","602.82","605.53","602.75","605.17","0.3899","0.4000","233,480"
"2026-05-04T14:15:00.000Z","605.17","606.86","605.01","606.78","0.2660","0.2762","209,381"
"2026-05-04T14:20:00.000Z","606.79","607.60","605.89","606.31","-0.0775","-0.0673","188,056"
"2026-05-04T14:25:00.000Z","606.31","606.90","605.59","605.59","-0.1188","-0.1086","147,500"
"2026-05-04T14:30:00.000Z","605.64","606.80","605.38","606.61","0.1676","0.1778","145,814"
"2026-05-04T14:35:00.000Z","606.61","607.42","605.87","607.26","0.1088","0.1190","166,691"
"2026-05-04T14:40:00.000Z","607.29","610.29","607.14","609.94","0.4405","0.4507","357,556"
"2026-05-04T14:45:00.000Z","610.02","611.80","609.51","610.59","0.1057","0.1159","289,291"
"2026-05-04T14:50:00.000Z","610.70","613.12","610.36","612.79","0.3611","0.3713","262,879"
"2026-05-04T14:55:00.000Z","612.86","613.50","611.40","612.66","-0.0212","-0.0111","178,781"
"2026-05-04T15:00:00.000Z","612.82","613.75","611.55","612.30","-0.0579","-0.0478","168,518"
"2026-05-04T15:05:00.000Z","612.30","612.36","610.94","611.42","-0.1437","-0.1336","124,848"
"2026-05-04T15:10:00.000Z","611.40","612.15","610.67","611.40","-0.0041","0.0061","173,675"
"2026-05-04T15:15:00.000Z","611.23","611.71","608.53","608.75","-0.4334","-0.4233","106,879"
"2026-05-04T15:20:00.000Z","608.93","608.93","607.00","607.30","-0.2382","-0.2280","152,701"
"2026-05-04T15:25:00.000Z","607.45","609.65","607.30","608.27","0.1600","0.1702","129,205"
"2026-05-04T15:30:00.000Z","608.24","608.50","606.95","607.80","-0.0776","-0.0674","94,398"
"2026-05-04T15:35:00.000Z","607.67","608.31","606.56","607.50","-0.0498","-0.0396","74,848"
"2026-05-04T15:40:00.000Z","607.51","608.76","606.35","608.70","0.1979","0.2081","70,795"
"2026-05-04T15:45:00.000Z","608.70","608.99","608.06","608.72","0.0033","0.0134","78,560"
"2026-05-04T15:50:00.000Z","608.68","610.05","607.86","609.89","0.1929","0.2031","91,823"
"2026-05-04T15:55:00.000Z","610.09","610.78","608.08","608.43","-0.2401","-0.2299","83,961"
"2026-05-04T16:00:00.000Z","608.56","608.93","607.63","608.44","0.0014","0.0115","73,672"
"2026-05-04T16:05:00.000Z","608.36","609.54","607.07","608.10","-0.0556","-0.0455","88,376"
"2026-05-04T16:10:00.000Z","608.16","609.14","607.42","608.94","0.1381","0.1483","58,070"
"2026-05-04T16:15:00.000Z","608.85","611.40","608.48","610.80","0.3054","0.3156","98,607"
"2026-05-04T16:20:00.000Z","611.00","611.68","610.63","611.10","0.0491","0.0593","102,289"
"2026-05-04T16:25:00.000Z","611.01","612.14","610.80","611.16","0.0098","0.0200","109,113"
"2026-05-04T16:30:00.000Z","611.10","612.29","610.98","612.26","0.1808","0.1910","54,158"
"2026-05-04T16:35:00.000Z","612.23","612.36","610.80","611.30","-0.1576","-0.1475","65,507"
"2026-05-04T16:40:00.000Z","611.30","612.14","611.17","611.51","0.0344","0.0445","64,141"
"2026-05-04T16:45:00.000Z","611.49","611.49","610.11","610.35","-0.1897","-0.1795","97,575"
"2026-05-04T16:50:00.000Z","610.29","610.88","609.80","609.98","-0.0606","-0.0505","59,008"
"2026-05-04T16:55:00.000Z","610.03","610.78","609.59","610.77","0.1295","0.1397","62,800"
"2026-05-04T17:00:00.000Z","610.81","611.75","610.48","611.49","0.1179","0.1280","44,829"
"2026-05-04T17:05:00.000Z","611.35","612.48","611.19","611.19","-0.0491","-0.0389","82,285"
"2026-05-04T17:10:00.000Z","611.25","611.38","610.64","611.24","0.0082","0.0183","53,854"
"2026-05-04T17:15:00.000Z","611.24","612.30","610.96","612.25","0.1661","0.1762","54,352"
"2026-05-04T17:20:00.000Z","612.23","612.87","611.86","612.00","-0.0416","-0.0315","66,808"
"2026-05-04T17:25:00.000Z","611.94","612.17","611.14","611.81","-0.0310","-0.0209","50,156"
"2026-05-04T17:30:00.000Z","611.76","612.48","611.50","611.66","-0.0245","-0.0144","69,303"
"2026-05-04T17:35:00.000Z","611.75","612.48","611.26","612.37","0.1153","0.1254","48,585"
"2026-05-04T17:40:00.000Z","612.44","612.68","612.00","612.54","0.0286","0.0387","52,055"
"2026-05-04T17:45:00.000Z","612.48","613.33","611.66","613.12","0.0947","0.1048","113,318"
"2026-05-04T17:50:00.000Z","613.14","614.00","612.75","613.46","0.0555","0.0656","118,306"
"2026-05-04T17:55:00.000Z","613.46","613.72","613.05","613.16","-0.0489","-0.0387","66,524"
"2026-05-04T18:00:00.000Z","613.20","613.98","613.16","613.71","0.0897","0.0999","65,294"
"2026-05-04T18:05:00.000Z","613.71","613.78","612.80","613.22","-0.0807","-0.0705","89,588"
"2026-05-04T18:10:00.000Z","613.22","613.50","612.23","612.32","-0.1468","-0.1366","62,753"
"2026-05-04T18:15:00.000Z","612.33","612.74","612.22","612.52","0.0343","0.0444","45,387"
"2026-05-04T18:20:00.000Z","612.52","612.65","611.94","612.09","-0.0710","-0.0609","53,728"
"2026-05-04T18:25:00.000Z","612.10","612.37","611.14","612.16","0.0108","0.0209","91,641"
"2026-05-04T18:30:00.000Z","612.12","612.36","611.72","611.84","-0.0516","-0.0415","46,762"
"2026-05-04T18:35:00.000Z","611.95","612.71","611.76","612.71","0.1422","0.1523","59,056"
"2026-05-04T18:40:00.000Z","612.67","612.93","612.03","612.19","-0.0849","-0.0747","47,851"
"2026-05-04T18:45:00.000Z","612.26","612.50","611.85","612.05","-0.0229","-0.0127","49,962"
"2026-05-04T18:50:00.000Z","612.05","612.13","610.55","611.15","-0.1470","-0.1369","76,321"
"2026-05-04T18:55:00.000Z","611.13","611.90","611.05","611.73","0.0949","0.1051","56,184"
"2026-05-04T19:00:00.000Z","611.84","611.95","611.00","611.67","-0.0090","0.0012","96,961"
"2026-05-04T19:05:00.000Z","611.67","612.38","610.86","611.75","0.0123","0.0224","147,799"
"2026-05-04T19:10:00.000Z","611.83","611.83","610.21","611.76","0.0015","0.0116","134,802"
"2026-05-04T19:15:00.000Z","611.65","611.80","610.92","611.39","-0.0595","-0.0493","104,454"
"2026-05-04T19:20:00.000Z","611.38","611.58","611.26","611.50","0.0172","0.0273","70,215"
"2026-05-04T19:25:00.000Z","611.43","612.49","611.23","612.39","0.1455","0.1557","196,348"
"2026-05-04T19:30:00.000Z","612.48","613.22","612.09","612.12","-0.0441","-0.0339","131,228"
"2026-05-04T19:35:00.000Z","612.22","612.50","611.50","611.59","-0.0866","-0.0764","109,570"
"2026-05-04T19:40:00.000Z","611.62","612.20","611.49","611.75","0.0262","0.0363","117,539"
"2026-05-04T19:45:00.000Z","611.74","612.23","611.64","612.19","0.0719","0.0821","61,931"
"2026-05-04T19:50:00.000Z","612.07","612.07","610.73","610.98","-0.1977","-0.1875","162,953"
"2026-05-04T19:55:00.000Z","610.90","610.98","610.01","610.54","-0.0720","-0.0619","451,670"
"2026-05-05T13:30:00.000Z","613.33","614.35","608.10","608.91","-0.2662","-0.2560","385,911"
"2026-05-05T13:35:00.000Z","608.80","609.50","606.75","606.85","-0.3391","-0.3290","269,106"
"2026-05-05T13:40:00.000Z","606.81","608.20","606.19","606.82","-0.0049","0.0052","289,246"
"2026-05-05T13:45:00.000Z","606.74","608.56","605.87","606.45","-0.0610","-0.0508","338,345"
"2026-05-05T13:50:00.000Z","606.38","607.55","605.95","606.40","-0.0082","0.0019","196,015"
"2026-05-05T13:55:00.000Z","606.44","607.23","606.13","606.89","0.0808","0.0910","184,287"
"2026-05-05T14:00:00.000Z","606.77","607.86","605.40","607.79","0.1483","0.1585","219,939"
"2026-05-05T14:05:00.000Z","607.80","607.88","606.72","606.85","-0.1547","-0.1445","96,284"
"2026-05-05T14:10:00.000Z","606.88","607.00","605.00","605.16","-0.2785","-0.2683","264,524"
"2026-05-05T14:15:00.000Z","605.15","605.29","603.58","604.11","-0.1732","-0.1630","199,165"
"2026-05-05T14:20:00.000Z","604.11","605.05","603.76","604.80","0.1139","0.1241","127,302"
"2026-05-05T14:25:00.000Z","604.88","605.24","604.12","604.50","-0.0496","-0.0394","153,084"
"2026-05-05T14:30:00.000Z","604.42","605.71","603.86","605.58","0.1787","0.1888","145,444"
"2026-05-05T14:35:00.000Z","605.65","606.10","605.13","605.13","-0.0735","-0.0634","176,647"
"2026-05-05T14:40:00.000Z","605.17","605.30","604.40","604.68","-0.0752","-0.0650","124,016"
"2026-05-05T14:45:00.000Z","604.68","604.78","603.87","604.21","-0.0769","-0.0668","126,303"
"2026-05-05T14:50:00.000Z","604.12","604.12","602.00","603.20","-0.1680","-0.1578","280,771"
"2026-05-05T14:55:00.000Z","603.10","603.54","602.56","602.90","-0.0489","-0.0388","116,827"
"2026-05-05T15:00:00.000Z","602.89","603.15","601.43","602.22","-0.1136","-0.1035","209,777"
"2026-05-05T15:05:00.000Z","602.25","603.20","601.82","602.95","0.1212","0.1314","155,180"
"2026-05-05T15:10:00.000Z","602.97","603.45","602.51","602.75","-0.0340","-0.0238","127,790"
"2026-05-05T15:15:00.000Z","602.75","603.98","601.70","603.35","0.0998","0.1099","158,380"
"2026-05-05T15:20:00.000Z","603.52","604.25","603.04","603.81","0.0769","0.0870","97,348"
"2026-05-05T15:25:00.000Z","603.77","604.72","603.69","604.59","0.1292","0.1393","89,273"
"2026-05-05T15:30:00.000Z","604.60","605.15","604.18","604.19","-0.0662","-0.0560","84,902"
"2026-05-05T15:35:00.000Z","604.34","604.50","603.81","604.20","0.0017","0.0118","92,371"
"2026-05-05T15:40:00.000Z","604.20","604.39","603.68","604.09","-0.0182","-0.0081","76,593"
"2026-05-05T15:45:00.000Z","604.04","604.76","603.94","604.12","0.0050","0.0151","58,219"
"2026-05-05T15:50:00.000Z","604.07","604.16","603.16","603.30","-0.1357","-0.1256","88,954"
"2026-05-05T15:55:00.000Z","603.30","603.30","602.10","602.16","-0.1890","-0.1788","102,836"
"2026-05-05T16:00:00.000Z","602.29","602.79","602.00","602.25","0.0149","0.0251","86,473"
"2026-05-05T16:05:00.000Z","602.25","602.40","601.50","601.58","-0.1112","-0.1011","134,134"
"2026-05-05T16:10:00.000Z","601.58","601.62","600.86","600.90","-0.1130","-0.1029","188,202"
"2026-05-05T16:15:00.000Z","600.86","601.39","600.36","601.33","0.0719","0.0820","192,399"
"2026-05-05T16:20:00.000Z","601.36","602.50","601.34","601.84","0.0845","0.0946","105,280"
"2026-05-05T16:25:00.000Z","601.84","601.87","601.25","601.55","-0.0474","-0.0372","72,278"
"2026-05-05T16:30:00.000Z","601.49","601.62","600.77","601.15","-0.0677","-0.0576","108,190"
"2026-05-05T16:35:00.000Z","601.16","601.53","600.92","601.39","0.0403","0.0505","101,024"
"2026-05-05T16:40:00.000Z","601.29","601.95","600.85","601.81","0.0698","0.0800","87,273"
"2026-05-05T16:45:00.000Z","601.81","601.90","601.40","601.59","-0.0366","-0.0264","66,382"
"2026-05-05T16:50:00.000Z","601.63","601.82","601.05","601.21","-0.0632","-0.0530","60,178"
"2026-05-05T16:55:00.000Z","601.29","602.11","601.14","601.72","0.0848","0.0950","86,434"
"2026-05-05T17:00:00.000Z","601.77","601.84","601.46","601.64","-0.0133","-0.0031","68,644"
"2026-05-05T17:05:00.000Z","601.60","601.70","601.18","601.44","-0.0332","-0.0231","54,265"
"2026-05-05T17:10:00.000Z","601.44","601.50","601.16","601.41","-0.0050","0.0052","58,231"
"2026-05-05T17:15:00.000Z","601.41","601.85","601.30","601.83","0.0690","0.0792","69,672"
"2026-05-05T17:20:00.000Z","601.84","602.39","601.52","602.29","0.0773","0.0874","85,581"
"2026-05-05T17:25:00.000Z","602.27","602.37","601.78","602.08","-0.0349","-0.0247","93,113"
"2026-05-05T17:30:00.000Z","602.08","602.84","602.08","602.27","0.0311","0.0413","92,774"
"2026-05-05T17:35:00.000Z","602.32","602.79","602.10","602.50","0.0386","0.0488","69,288"
"2026-05-05T17:40:00.000Z","602.50","603.42","602.41","603.30","0.1332","0.1434","112,110"
"2026-05-05T17:45:00.000Z","603.35","603.78","602.90","603.30","-0.0005","0.0097","140,085"
"2026-05-05T17:50:00.000Z","603.30","604.50","603.30","604.37","0.1777","0.1878","131,486"
"2026-05-05T17:55:00.000Z","604.40","604.45","603.41","603.48","-0.1476","-0.1374","80,546"
"2026-05-05T18:00:00.000Z","603.50","604.25","603.37","604.06","0.0961","0.1063","79,019"
"2026-05-05T18:05:00.000Z","604.07","604.11","603.42","603.67","-0.0637","-0.0536","89,287"
"2026-05-05T18:10:00.000Z","603.70","604.60","603.64","604.54","0.1441","0.1543","77,972"
"2026-05-05T18:15:00.000Z","604.54","605.11","604.42","604.81","0.0438","0.0540","84,579"
"2026-05-05T18:20:00.000Z","604.82","604.82","603.94","604.00","-0.1339","-0.1238","65,499"
"2026-05-05T18:25:00.000Z","604.00","604.10","602.76","602.80","-0.1978","-0.1877","68,087"
"2026-05-05T18:30:00.000Z","602.81","603.21","602.66","602.95","0.0240","0.0342","91,438"
"2026-05-05T18:35:00.000Z","602.95","602.97","602.50","602.73","-0.0365","-0.0263","71,524"
"2026-05-05T18:40:00.000Z","602.74","603.07","602.37","602.37","-0.0597","-0.0496","64,954"
"2026-05-05T18:45:00.000Z","602.39","602.53","601.85","601.92","-0.0747","-0.0646","61,488"
"2026-05-05T18:50:00.000Z","601.94","602.36","600.80","600.90","-0.1695","-0.1593","134,159"
"2026-05-05T18:55:00.000Z","600.94","601.46","600.72","601.12","0.0358","0.0459","120,008"
"2026-05-05T19:00:00.000Z","601.05","601.64","600.55","601.63","0.0860","0.0961","101,074"
"2026-05-05T19:05:00.000Z","601.67","602.64","601.63","602.52","0.1476","0.1578","89,903"
"2026-05-05T19:10:00.000Z","602.50","603.50","602.44","603.35","0.1378","0.1479","114,459"
"2026-05-05T19:15:00.000Z","603.37","604.97","603.15","604.32","0.1608","0.1709","230,905"
"2026-05-05T19:20:00.000Z","604.37","605.44","604.01","605.30","0.1622","0.1723","195,447"
"2026-05-05T19:25:00.000Z","605.28","605.93","605.15","605.79","0.0818","0.0919","204,686"
"2026-05-05T19:30:00.000Z","605.76","606.80","605.66","606.27","0.0784","0.0886","197,950"
"2026-05-05T19:35:00.000Z","606.28","606.66","605.71","606.04","-0.0372","-0.0270","167,221"
"2026-05-05T19:40:00.000Z","606.05","606.54","605.44","605.76","-0.0469","-0.0368","120,469"
"2026-05-05T19:45:00.000Z","605.70","606.23","605.35","606.10","0.0553","0.0655","117,068"
"2026-05-05T19:50:00.000Z","606.07","606.53","605.88","605.97","-0.0214","-0.0113","264,377"
"2026-05-05T19:55:00.000Z","605.93","605.94","603.88","605.08","-0.1460","-0.1359","555,598"
"2026-05-06T13:30:00.000Z","601.22","605.48","600.07","603.90","-0.1950","-0.1849","734,501"
"2026-05-06T13:35:00.000Z","603.90","604.09","598.51","600.15","-0.6201","-0.6100","548,520"
"2026-05-06T13:40:00.000Z","600.17","600.67","598.10","599.38","-0.1300","-0.1198","407,361"
"2026-05-06T13:45:00.000Z","599.47","601.28","598.93","600.83","0.2419","0.2521","287,348"
"2026-05-06T13:50:00.000Z","600.70","602.74","598.82","601.95","0.1872","0.1974","265,760"
"2026-05-06T13:55:00.000Z","601.95","605.00","601.60","603.91","0.3256","0.3358","253,998"
"2026-05-06T14:00:00.000Z","603.91","607.47","603.79","606.26","0.3891","0.3993","374,776"
"2026-05-06T14:05:00.000Z","606.26","608.96","606.17","608.68","0.3992","0.4093","440,386"
"2026-05-06T14:10:00.000Z","608.76","613.87","608.54","612.05","0.5537","0.5638","577,855"
"2026-05-06T14:15:00.000Z","612.05","616.75","611.93","616.40","0.7107","0.7209","603,084"
"2026-05-06T14:20:00.000Z","616.39","618.00","615.91","616.55","0.0243","0.0345","444,816"
"2026-05-06T14:25:00.000Z","616.51","618.73","614.30","614.50","-0.3317","-0.3215","497,629"
"2026-05-06T14:30:00.000Z","614.68","617.50","613.18","617.06","0.4158","0.4259","251,862"
"2026-05-06T14:35:00.000Z","617.18","619.95","617.10","618.72","0.2682","0.2784","321,457"
"2026-05-06T14:40:00.000Z","618.72","619.28","617.45","619.28","0.0913","0.1015","185,796"
"2026-05-06T14:45:00.000Z","619.27","619.42","616.71","617.20","-0.3367","-0.3265","178,567"
"2026-05-06T14:50:00.000Z","617.39","617.39","615.52","615.81","-0.2244","-0.2142","135,001"
"2026-05-06T14:55:00.000Z","615.83","618.81","615.38","617.16","0.2192","0.2294","172,150"
"2026-05-06T15:00:00.000Z","617.20","618.46","616.20","616.59","-0.0924","-0.0822","110,203"
"2026-05-06T15:05:00.000Z","616.50","616.58","614.64","614.87","-0.2790","-0.2688","121,487"
"2026-05-06T15:10:00.000Z","614.80","615.09","613.16","613.96","-0.1480","-0.1378","162,743"
"2026-05-06T15:15:00.000Z","613.96","614.95","613.49","614.32","0.0586","0.0688","101,696"
"2026-05-06T15:20:00.000Z","614.37","614.46","612.12","612.40","-0.3125","-0.3024","128,189"
"2026-05-06T15:25:00.000Z","612.39","613.40","612.25","612.78","0.0629","0.0730","115,764"
"2026-05-06T15:30:00.000Z","612.79","613.51","612.54","613.51","0.1183","0.1285","149,624"
"2026-05-06T15:35:00.000Z","613.51","614.30","613.14","614.10","0.0962","0.1063","87,474"
"2026-05-06T15:40:00.000Z","614.10","614.92","613.20","613.76","-0.0554","-0.0452","102,864"
"2026-05-06T15:45:00.000Z","613.63","614.29","613.34","614.04","0.0456","0.0558","65,631"
"2026-05-06T15:50:00.000Z","614.05","614.18","613.14","613.70","-0.0554","-0.0452","66,325"
"2026-05-06T15:55:00.000Z","613.63","613.83","612.55","613.25","-0.0733","-0.0632","74,923"
"2026-05-06T16:00:00.000Z","613.26","613.27","611.76","612.26","-0.1614","-0.1513","71,043"
"2026-05-06T16:05:00.000Z","612.29","612.78","612.07","612.40","0.0229","0.0330","65,431"
"2026-05-06T16:10:00.000Z","612.35","613.34","612.35","613.10","0.1143","0.1245","60,327"
"2026-05-06T16:15:00.000Z","613.09","613.31","612.48","612.99","-0.0179","-0.0078","69,623"
"2026-05-06T16:20:00.000Z","612.95","613.36","612.53","612.69","-0.0489","-0.0388","96,486"
"2026-05-06T16:25:00.000Z","612.65","613.30","612.50","612.58","-0.0179","-0.0078","66,330"
"2026-05-06T16:30:00.000Z","612.74","612.85","612.33","612.53","-0.0084","0.0017","80,023"
"2026-05-06T16:35:00.000Z","612.48","612.89","611.27","611.52","-0.1646","-0.1545","115,602"
"2026-05-06T16:40:00.000Z","611.61","611.98","611.30","611.91","0.0646","0.0747","71,120"
"2026-05-06T16:45:00.000Z","611.91","611.99","611.29","611.44","-0.0776","-0.0675","43,570"
"2026-05-06T16:50:00.000Z","611.43","611.85","610.86","610.86","-0.0949","-0.0847","57,560"
"2026-05-06T16:55:00.000Z","610.91","612.27","610.59","612.10","0.2030","0.2131","89,900"
"2026-05-06T17:00:00.000Z","612.02","613.56","611.72","613.44","0.2189","0.2291","73,719"
"2026-05-06T17:05:00.000Z","613.50","613.85","613.35","613.79","0.0571","0.0672","64,022"
"2026-05-06T17:10:00.000Z","613.86","613.98","613.23","613.42","-0.0603","-0.0501","62,251"
"2026-05-06T17:15:00.000Z","613.20","613.48","612.67","613.24","-0.0293","-0.0192","49,027"
"2026-05-06T17:20:00.000Z","613.22","613.90","613.13","613.38","0.0234","0.0336","32,072"
"2026-05-06T17:25:00.000Z","613.32","613.57","612.85","613.38","-0.0003","0.0098","39,713"
"2026-05-06T17:30:00.000Z","613.27","613.46","612.67","612.70","-0.1111","-0.1010","26,752"
"2026-05-06T17:35:00.000Z","612.65","612.87","611.94","611.98","-0.1181","-0.1079","52,338"
"2026-05-06T17:40:00.000Z","612.00","612.21","611.49","611.84","-0.0223","-0.0121","69,417"
"2026-05-06T17:45:00.000Z","611.86","612.57","611.50","612.52","0.1111","0.1213","70,500"
"2026-05-06T17:50:00.000Z","612.58","612.88","612.37","612.47","-0.0082","0.0020","34,866"
"2026-05-06T17:55:00.000Z","612.47","613.30","612.47","613.02","0.0898","0.1000","54,142"
"2026-05-06T18:00:00.000Z","613.00","613.98","612.32","612.34","-0.1117","-0.1016","79,477"
"2026-05-06T18:05:00.000Z","612.34","612.61","612.05","612.38","0.0065","0.0167","89,981"
"2026-05-06T18:10:00.000Z","612.38","614.22","612.38","614.06","0.2752","0.2853","109,046"
"2026-05-06T18:15:00.000Z","614.09","614.19","613.65","613.76","-0.0480","-0.0379","62,769"
"2026-05-06T18:20:00.000Z","613.73","613.88","613.29","613.65","-0.0179","-0.0078","45,860"
"2026-05-06T18:25:00.000Z","613.65","614.22","613.40","614.19","0.0872","0.0973","64,040"
"2026-05-06T18:30:00.000Z","614.22","614.83","614.20","614.40","0.0342","0.0443","57,933"
"2026-05-06T18:35:00.000Z","614.38","615.38","614.31","614.49","0.0146","0.0248","113,388"
"2026-05-06T18:40:00.000Z","614.53","614.79","614.01","614.43","-0.0098","0.0004","79,115"
"2026-05-06T18:45:00.000Z","614.45","614.91","613.89","614.16","-0.0439","-0.0338","70,878"
"2026-05-06T18:50:00.000Z","614.22","614.47","613.99","614.42","0.0423","0.0525","40,884"
"2026-05-06T18:55:00.000Z","614.42","614.95","614.10","614.76","0.0553","0.0655","48,318"
"2026-05-06T19:00:00.000Z","614.69","615.30","614.21","614.39","-0.0602","-0.0500","62,790"
"2026-05-06T19:05:00.000Z","614.26","614.44","613.61","613.63","-0.1237","-0.1135","73,710"
"2026-05-06T19:10:00.000Z","613.63","613.77","612.85","612.95","-0.1108","-0.1007","82,500"
"2026-05-06T19:15:00.000Z","613.08","613.08","612.33","612.50","-0.0742","-0.0641","84,829"
"2026-05-06T19:20:00.000Z","612.54","612.94","612.28","612.56","0.0106","0.0208","60,892"
"2026-05-06T19:25:00.000Z","612.56","612.73","612.17","612.61","0.0082","0.0183","57,820"
"2026-05-06T19:30:00.000Z","612.60","612.73","612.30","612.32","-0.0473","-0.0372","65,355"
"2026-05-06T19:35:00.000Z","612.28","612.64","612.15","612.62","0.0490","0.0591","61,202"
"2026-05-06T19:40:00.000Z","612.62","612.62","612.01","612.15","-0.0759","-0.0657","70,379"
"2026-05-06T19:45:00.000Z","612.17","612.34","612.02","612.28","0.0204","0.0306","88,480"
"2026-05-06T19:50:00.000Z","612.32","613.33","612.24","612.87","0.0955","0.1057","156,631"
"2026-05-06T19:55:00.000Z","612.83","613.72","612.38","612.57","-0.0481","-0.0380","448,516"
"2026-05-07T13:30:00.000Z","614.93","621.98","613.95","621.16","1.40","1.41","467,318"
"2026-05-07T13:35:00.000Z","621.34","623.00","620.18","622.67","0.2441","0.2542","341,015"
"2026-05-07T13:40:00.000Z","622.58","623.07","620.38","621.72","-0.1538","-0.1437","183,319"
"2026-05-07T13:45:00.000Z","621.83","621.83","619.61","619.75","-0.3156","-0.3055","144,330"
"2026-05-07T13:50:00.000Z","619.73","622.42","619.44","621.82","0.3332","0.3433","177,216"
"2026-05-07T13:55:00.000Z","621.72","622.80","621.11","622.66","0.1351","0.1452","148,634"
"2026-05-07T14:00:00.000Z","622.70","624.98","622.22","622.60","-0.0096","0.0005","254,549"
"2026-05-07T14:05:00.000Z","622.49","623.77","621.90","622.52","-0.0128","-0.0027","135,928"
"2026-05-07T14:10:00.000Z","622.50","623.00","621.30","622.14","-0.0610","-0.0509","121,241"
"2026-05-07T14:15:00.000Z","622.25","622.43","620.29","622.16","0.0040","0.0142","125,607"
"2026-05-07T14:20:00.000Z","622.18","622.42","621.09","622.11","-0.0096","0.0005","74,379"
"2026-05-07T14:25:00.000Z","622.21","622.78","620.77","620.86","-0.2001","-0.1900","98,499"
"2026-05-07T14:30:00.000Z","620.83","620.85","619.61","620.53","-0.0532","-0.0430","93,068"
"2026-05-07T14:35:00.000Z","620.54","620.68","619.62","620.58","0.0081","0.0182","79,584"
"2026-05-07T14:40:00.000Z","620.58","621.46","620.37","621.46","0.1418","0.1520","65,589"
"2026-05-07T14:45:00.000Z","621.42","622.88","621.40","622.52","0.1705","0.1807","104,868"
"2026-05-07T14:50:00.000Z","622.52","624.24","622.49","623.94","0.2281","0.2383","114,402"
"2026-05-07T14:55:00.000Z","624.06","624.95","622.52","622.89","-0.1676","-0.1574","122,078"
"2026-05-07T15:00:00.000Z","622.89","624.25","622.81","623.75","0.1373","0.1475","88,865"
"2026-05-07T15:05:00.000Z","623.63","623.63","621.24","622.10","-0.2645","-0.2544","139,387"
"2026-05-07T15:10:00.000Z","622.00","623.12","622.00","622.63","0.0852","0.0953","93,405"
"2026-05-07T15:15:00.000Z","622.72","623.82","622.35","623.24","0.0980","0.1081","128,735"
"2026-05-07T15:20:00.000Z","623.46","623.79","622.61","623.01","-0.0369","-0.0268","62,062"
"2026-05-07T15:25:00.000Z","623.00","623.30","621.27","621.27","-0.2793","-0.2691","111,946"
"2026-05-07T15:30:00.000Z","621.38","622.19","621.27","621.56","0.0467","0.0568","81,903"
"2026-05-07T15:35:00.000Z","621.56","622.76","621.21","621.55","-0.0016","0.0085","76,092"
"2026-05-07T15:40:00.000Z","621.73","621.82","620.50","621.27","-0.0450","-0.0349","98,748"
"2026-05-07T15:45:00.000Z","621.16","623.06","621.07","622.85","0.2535","0.2637","65,752"
"2026-05-07T15:50:00.000Z","622.69","623.07","622.22","622.60","-0.0393","-0.0292","41,613"
"2026-05-07T15:55:00.000Z","622.74","623.39","621.54","622.24","-0.0578","-0.0477","89,253"
"2026-05-07T16:00:00.000Z","622.28","622.33","620.66","620.66","-0.2539","-0.2438","61,543"
"2026-05-07T16:05:00.000Z","620.62","620.75","619.61","620.50","-0.0258","-0.0156","94,405"
"2026-05-07T16:10:00.000Z","620.46","620.59","618.40","618.73","-0.2853","-0.2751","123,386"
"2026-05-07T16:15:00.000Z","618.75","618.75","616.50","616.52","-0.3572","-0.3470","157,630"
"2026-05-07T16:20:00.000Z","616.60","618.82","616.26","618.45","0.3130","0.3232","117,296"
"2026-05-07T16:25:00.000Z","618.70","620.00","618.11","619.86","0.2280","0.2381","97,346"
"2026-05-07T16:30:00.000Z","619.86","619.98","618.69","619.01","-0.1371","-0.1270","92,756"
"2026-05-07T16:35:00.000Z","618.99","619.70","618.15","618.20","-0.1309","-0.1207","64,716"
"2026-05-07T16:40:00.000Z","618.20","618.88","617.77","618.88","0.1100","0.1202","71,453"
"2026-05-07T16:45:00.000Z","618.79","618.99","616.82","617.14","-0.2812","-0.2710","56,249"
"2026-05-07T16:50:00.000Z","617.06","617.25","616.05","617.07","-0.0122","-0.0020","92,239"
"2026-05-07T16:55:00.000Z","617.07","617.22","616.05","616.97","-0.0154","-0.0052","66,014"
"2026-05-07T17:00:00.000Z","616.97","617.84","616.08","617.49","0.0843","0.0944","64,701"
"2026-05-07T17:05:00.000Z","617.55","618.08","614.95","615.03","-0.3984","-0.3882","224,368"
"2026-05-07T17:10:00.000Z","615.00","615.91","614.45","615.45","0.0683","0.0784","134,318"
"2026-05-07T17:15:00.000Z","615.33","616.48","615.05","616.01","0.0918","0.1020","121,166"
"2026-05-07T17:20:00.000Z","615.87","616.70","614.97","615.80","-0.0349","-0.0247","77,423"
"2026-05-07T17:25:00.000Z","615.92","616.32","613.63","614.96","-0.1364","-0.1263","116,935"
"2026-05-07T17:30:00.000Z","614.96","615.25","614.17","614.99","0.0049","0.0150","49,864"
"2026-05-07T17:35:00.000Z","614.84","615.60","614.50","615.00","0.0016","0.0118","40,698"
"2026-05-07T17:40:00.000Z","615.00","615.66","614.32","614.46","-0.0878","-0.0777","58,327"
"2026-05-07T17:45:00.000Z","614.47","614.66","613.54","613.88","-0.0952","-0.0851","40,926"
"2026-05-07T17:50:00.000Z","613.79","614.71","613.65","614.63","0.1230","0.1331","34,840"
"2026-05-07T17:55:00.000Z","614.77","616.22","614.61","616.03","0.2278","0.2379","55,155"
"2026-05-07T18:00:00.000Z","616.05","616.34","614.54","614.90","-0.1834","-0.1733","97,096"
"2026-05-07T18:05:00.000Z","614.67","616.21","614.67","615.53","0.1033","0.1134","31,305"
"2026-05-07T18:10:00.000Z","615.70","616.46","615.20","616.26","0.1178","0.1279","29,004"
"2026-05-07T18:15:00.000Z","616.29","616.93","615.94","616.52","0.0430","0.0532","38,932"
"2026-05-07T18:20:00.000Z","616.53","617.12","616.01","616.10","-0.0689","-0.0588","39,058"
"2026-05-07T18:25:00.000Z","616.19","617.16","616.00","616.68","0.0942","0.1043","29,946"
"2026-05-07T18:30:00.000Z","616.68","617.00","615.89","616.77","0.0146","0.0247","50,653"
"2026-05-07T18:35:00.000Z","616.85","617.10","615.95","616.73","-0.0065","0.0037","62,553"
"2026-05-07T18:40:00.000Z","616.88","617.00","615.50","615.82","-0.1484","-0.1382","66,899"
"2026-05-07T18:45:00.000Z","615.83","617.05","615.61","616.09","0.0447","0.0548","55,358"
"2026-05-07T18:50:00.000Z","615.97","616.72","615.77","616.39","0.0495","0.0597","28,998"
"2026-05-07T18:55:00.000Z","616.24","617.30","616.00","617.16","0.1249","0.1351","44,273"
"2026-05-07T19:00:00.000Z","617.21","617.21","616.01","616.47","-0.1126","-0.1025","23,971"
"2026-05-07T19:05:00.000Z","616.55","617.20","616.07","616.16","-0.0503","-0.0401","36,094"
"2026-05-07T19:10:00.000Z","616.08","616.75","616.00","616.59","0.0698","0.0799","24,491"
"2026-05-07T19:15:00.000Z","616.50","616.59","615.03","615.57","-0.1662","-0.1561","51,658"
"2026-05-07T19:20:00.000Z","615.54","615.99","615.28","615.54","-0.0041","0.0061","42,077"
"2026-05-07T19:25:00.000Z","615.40","616.47","615.17","615.81","0.0439","0.0540","46,015"
"2026-05-07T19:30:00.000Z","615.80","616.32","615.27","615.75","-0.0097","0.0004","42,096"
"2026-05-07T19:35:00.000Z","615.81","616.79","615.58","616.65","0.1462","0.1563","65,732"
"2026-05-07T19:40:00.000Z","616.74","617.05","616.50","616.89","0.0389","0.0491","57,434"
"2026-05-07T19:45:00.000Z","616.82","617.50","616.82","617.04","0.0251","0.0353","62,443"
"2026-05-07T19:50:00.000Z","617.12","617.99","616.45","616.66","-0.0624","-0.0522","98,899"
"2026-05-07T19:55:00.000Z","616.83","617.19","616.02","616.91","0.0405","0.0507","233,691"
"2026-05-08T13:30:00.000Z","615.22","615.91","612.75","614.89","-0.3274","-0.3173","306,679"
"2026-05-08T13:35:00.000Z","614.72","616.77","614.69","615.31","0.0683","0.0785","180,653"
"2026-05-08T13:40:00.000Z","615.26","615.32","612.78","613.83","-0.2405","-0.2304","149,851"
"2026-05-08T13:45:00.000Z","613.88","616.30","613.54","616.10","0.3698","0.3800","172,814"
"2026-05-08T13:50:00.000Z","616.10","616.13","612.88","613.80","-0.3725","-0.3624","128,617"
"2026-05-08T13:55:00.000Z","613.90","614.39","613.10","614.12","0.0505","0.0607","108,378"
"2026-05-08T14:00:00.000Z","613.93","614.13","612.31","613.92","-0.0318","-0.0216","212,769"
"2026-05-08T14:05:00.000Z","613.82","615.10","613.00","614.84","0.1499","0.1600","138,289"
"2026-05-08T14:10:00.000Z","614.83","616.52","614.36","615.91","0.1740","0.1842","155,362"
"2026-05-08T14:15:00.000Z","616.07","616.09","615.10","615.19","-0.1169","-0.1067","80,772"
"2026-05-08T14:20:00.000Z","615.04","615.66","613.68","615.53","0.0553","0.0654","127,149"
"2026-05-08T14:25:00.000Z","615.58","616.02","612.75","612.85","-0.4354","-0.4252","163,305"
"2026-05-08T14:30:00.000Z","612.87","613.08","612.01","612.72","-0.0220","-0.0119","160,062"
"2026-05-08T14:35:00.000Z","612.72","613.52","612.54","613.16","0.0726","0.0828","150,337"
"2026-05-08T14:40:00.000Z","613.16","613.46","612.24","612.80","-0.0587","-0.0486","89,357"
"2026-05-08T14:45:00.000Z","612.80","612.99","611.40","612.11","-0.1134","-0.1033","101,691"
"2026-05-08T14:50:00.000Z","612.04","612.41","611.01","612.25","0.0245","0.0347","136,215"
"2026-05-08T14:55:00.000Z","612.26","612.71","611.61","611.61","-0.1053","-0.0952","81,775"
"2026-05-08T15:00:00.000Z","611.50","611.61","610.24","610.28","-0.2175","-0.2073","171,094"
"2026-05-08T15:05:00.000Z","610.31","610.72","609.53","610.03","-0.0410","-0.0308","188,283"
"2026-05-08T15:10:00.000Z","610.01","611.04","609.80","610.07","0.0066","0.0167","132,526"
"2026-05-08T15:15:00.000Z","610.14","610.34","609.20","609.40","-0.1098","-0.0997","150,162"
"2026-05-08T15:20:00.000Z","609.35","610.38","608.75","608.81","-0.0968","-0.0867","135,144"
"2026-05-08T15:25:00.000Z","608.75","609.11","608.10","608.90","0.0148","0.0249","234,744"
"2026-05-08T15:30:00.000Z","608.89","609.05","607.49","608.00","-0.1478","-0.1377","180,860"
"2026-05-08T15:35:00.000Z","607.98","609.15","607.70","608.28","0.0461","0.0562","153,053"
"2026-05-08T15:40:00.000Z","608.38","608.50","607.30","607.56","-0.1184","-0.1082","88,893"
"2026-05-08T15:45:00.000Z","607.56","608.01","607.07","607.31","-0.0411","-0.0310","98,589"
"2026-05-08T15:50:00.000Z","607.40","607.45","606.06","607.00","-0.0510","-0.0409","163,560"
"2026-05-08T15:55:00.000Z","607.12","607.70","606.65","607.32","0.0519","0.0620","110,081"
"2026-05-08T16:00:00.000Z","607.35","608.76","607.26","608.76","0.2379","0.2481","102,030"
"2026-05-08T16:05:00.000Z","608.76","609.77","608.62","609.40","0.1051","0.1153","115,690"
"2026-05-08T16:10:00.000Z","609.52","610.30","609.38","609.94","0.0886","0.0988","142,911"
"2026-05-08T16:15:00.000Z","609.93","610.28","608.09","608.20","-0.2853","-0.2751","126,687"
"2026-05-08T16:20:00.000Z","608.32","609.43","608.21","608.94","0.1217","0.1318","69,642"
"2026-05-08T16:25:00.000Z","609.06","609.38","608.10","608.10","-0.1379","-0.1278","86,099"
"2026-05-08T16:30:00.000Z","608.22","608.72","607.90","608.22","0.0195","0.0296","87,504"
"2026-05-08T16:35:00.000Z","608.24","608.57","608.00","608.33","0.0184","0.0285","49,690"
"2026-05-08T16:40:00.000Z","608.38","608.54","607.50","607.85","-0.0789","-0.0688","61,896"
"2026-05-08T16:45:00.000Z","607.86","609.33","607.78","609.12","0.2089","0.2191","77,179"
"2026-05-08T16:50:00.000Z","609.16","609.18","608.65","608.87","-0.0410","-0.0309","41,350"
"2026-05-08T16:55:00.000Z","608.87","609.01","608.13","608.88","0.0016","0.0118","49,225"
"2026-05-08T17:00:00.000Z","608.85","609.18","608.70","608.96","0.0123","0.0225","48,492"
"2026-05-08T17:05:00.000Z","608.87","609.21","608.55","608.94","-0.0025","0.0077","48,915"
"2026-05-08T17:10:00.000Z","608.98","609.62","608.79","609.40","0.0755","0.0857","60,124"
"2026-05-08T17:15:00.000Z","609.45","609.99","609.38","609.84","0.0714","0.0815","51,369"
"2026-05-08T17:20:00.000Z","609.84","609.98","609.24","609.87","0.0057","0.0159","54,873"
"2026-05-08T17:25:00.000Z","609.87","610.25","609.40","609.91","0.0074","0.0175","70,523"
"2026-05-08T17:30:00.000Z","609.87","610.00","609.04","609.46","-0.0746","-0.0644","31,783"
"2026-05-08T17:35:00.000Z","609.55","609.59","608.85","608.92","-0.0878","-0.0776","51,998"
"2026-05-08T17:40:00.000Z","608.95","609.22","608.70","608.76","-0.0271","-0.0169","50,537"
"2026-05-08T17:45:00.000Z","608.73","609.39","608.70","609.28","0.0862","0.0964","40,354"
"2026-05-08T17:50:00.000Z","609.21","609.92","609.03","609.82","0.0870","0.0971","34,472"
"2026-05-08T17:55:00.000Z","609.82","610.85","609.79","610.38","0.0927","0.1028","90,411"
"2026-05-08T18:00:00.000Z","610.50","611.45","610.22","611.19","0.1327","0.1429","86,708"
"2026-05-08T18:05:00.000Z","611.08","611.21","610.34","610.51","-0.1113","-0.1011","43,187"
"2026-05-08T18:10:00.000Z","610.52","611.00","610.39","610.61","0.0164","0.0265","35,782"
"2026-05-08T18:15:00.000Z","610.50","611.00","610.37","610.66","0.0082","0.0183","40,309"
"2026-05-08T18:20:00.000Z","610.63","610.72","610.00","610.25","-0.0671","-0.0570","35,339"
"2026-05-08T18:25:00.000Z","610.19","611.50","610.07","611.36","0.1811","0.1912","73,699"
"2026-05-08T18:30:00.000Z","611.40","611.50","610.59","610.83","-0.0859","-0.0757","50,134"
"2026-05-08T18:35:00.000Z","610.87","611.00","609.86","609.95","-0.1441","-0.1339","57,064"
"2026-05-08T18:40:00.000Z","609.90","610.01","609.70","609.90","-0.0082","0.0020","39,362"
"2026-05-08T18:45:00.000Z","609.91","610.23","609.70","609.99","0.0148","0.0249","53,073"
"2026-05-08T18:50:00.000Z","610.05","610.05","609.04","609.08","-0.1500","-0.1398","56,901"
"2026-05-08T18:55:00.000Z","609.08","609.90","608.73","609.41","0.0550","0.0652","71,001"
"2026-05-08T19:00:00.000Z","609.57","609.69","609.25","609.56","0.0246","0.0348","39,435"
"2026-05-08T19:05:00.000Z","609.56","610.38","609.03","609.80","0.0394","0.0495","73,804"
"2026-05-08T19:10:00.000Z","609.80","610.00","609.45","609.73","-0.0115","-0.0013","51,132"
"2026-05-08T19:15:00.000Z","609.74","610.14","609.66","609.88","0.0238","0.0339","71,033"
"2026-05-08T19:20:00.000Z","609.88","610.45","609.70","610.09","0.0345","0.0447","94,957"
"2026-05-08T19:25:00.000Z","610.09","610.43","610.08","610.24","0.0253","0.0355","59,052"
"2026-05-08T19:30:00.000Z","610.25","610.84","610.09","610.54","0.0492","0.0593","73,003"
"2026-05-08T19:35:00.000Z","610.52","610.62","609.90","610.20","-0.0565","-0.0464","78,431"
"2026-05-08T19:40:00.000Z","610.20","610.88","610.16","610.65","0.0746","0.0847","89,219"
"2026-05-08T19:45:00.000Z","610.62","610.92","610.43","610.72","0.0115","0.0216","74,634"
"2026-05-08T19:50:00.000Z","610.64","611.00","609.50","610.65","-0.0115","-0.0013","154,204"
"2026-05-08T19:55:00.000Z","610.65","611.00","609.33","609.68","-0.1588","-0.1487","604,025"